pop,rock,country,metal,hip hop,R&B,Dance/Electronic,Folk/Acoustic,easy listening,latin,blues,set(),World/Traditional,jazz,classical,year,popularity
1.0,,,,,,,,,,,,,,,2000,77
1.0,1.0,,,,,,,,,,,,,,1999,79
1.0,,1.0,,,,,,,,,,,,,1999,66
,1.0,,1.0,,,,,,,,,,,,2000,78
1.0,,,,,,,,,,,,,,,2000,65
1.0,,,,1.0,1.0,,,,,,,,,,1999,69
,,,,1.0,,,,,,,,,,,2000,86
1.0,1.0,,,,,,,,,,,,,,2000,68
1.0,,,,,1.0,,,,,,,,,,1999,75
,,,,,,1.0,,,,,,,,,2001,77
1.0,,,,,,,,,,,,,,,2011,1
1.0,,,,,,,,,,,,,,,1999,56
1.0,,,,,,,,,,,,,,,2000,55
1.0,1.0,,,,,,,,,,,,,,1999,62
1.0,,,,,,1.0,,,,,,,,,1999,61
1.0,,,,1.0,1.0,,,,,,,,,,2002,53
1.0,,,,,,,,,,,,,,,1999,64
1.0,,,,,,,,,,,,,,,2000,73
1.0,,,,,,,,,,,,,,,1999,64
,,,,1.0,,,,,,,,,,,1999,82
,1.0,,1.0,,,,,,,,,,,,2000,83
,1.0,,,,,,1.0,1.0,,,,,,,1999,65
1.0,,,,,,,,,,,,,,,2000,62
,,,,1.0,,,,,,,,,,,2000,54
1.0,,,,,,1.0,,,,,,,,,1999,54
,,,1.0,,,,,,,,,,,,2000,72
1.0,,,,,,1.0,,,,,,,,,2001,69
1.0,,,,1.0,1.0,,,,,,,,,,2000,53
1.0,,,,,,1.0,,,,,,,,,2000,54
,,,,,,1.0,,,,,,,,,2016,47
1.0,,,,1.0,,,,,,,,,,,1999,71
1.0,,,,,1.0,,,,,,,,,,2000,49
1.0,,,,,,,,,,,,,,,2000,58
,,,,,1.0,,,,,,,,,,2000,52
1.0,,,,,,,,,,,,,,,1999,58
1.0,,,,1.0,1.0,,,,,,,,,,1999,59
1.0,,,,,,1.0,,,,,,,,,2000,55
,,,,1.0,,,,,,,,,,,1999,69
1.0,,1.0,,,,,,,,,,,,,2001,61
1.0,,,,,1.0,,,,,,,,,,2000,55
1.0,,,,,,,,,1.0,,,,,,1999,54
1.0,,,,,1.0,,,,,,,,,,2000,66
1.0,,,,1.0,1.0,,,,,,,,,,2000,36
,,,,1.0,,,,,,,,,,,1999,79
1.0,,,,1.0,1.0,,,,,,,,,,1998,49
1.0,,,,,,,,,,,,,,,1999,68
1.0,,,,,,,,,,,,,,,2018,43
1.0,,,,,1.0,,,,,,,,,,2000,59
,,,,,1.0,,,,,,,,,,2000,64
1.0,,,,1.0,1.0,,,,,,,,,,2004,52
1.0,,,,,1.0,,,,,,,,,,2001,47
1.0,,,,,,,,,1.0,,,,,,2000,60
1.0,,,,1.0,1.0,,,,,,,,,,2000,55
1.0,,,,1.0,1.0,,,,,,,,,,1999,60
,,,,1.0,,,,,,,,,,,2000,59
1.0,,,,,1.0,,,,,,,,,,1999,59
,,,,,1.0,,,,,,,,,,2000,65
1.0,,,,,1.0,,,,,,,,,,1999,63
1.0,,1.0,,,,,,,,,,,,,2001,65
,1.0,,,,,,1.0,,,,,,,,2000,0
1.0,,,,,,1.0,,1.0,,,,,,,2010,58
1.0,,,,,,,,,,,,,,,2000,52
1.0,,,,,1.0,,,,,,,,,,2011,0
1.0,,,,1.0,1.0,,,,,,,,,,2000,60
1.0,,,,,,,,,,,,,,,1999,61
1.0,,,,,,,,,,,,,,,2000,58
,1.0,,,,,,,,,,,,,,1999,78
1.0,,,,1.0,1.0,,,,,,,,,,2000,55
1.0,,,,1.0,1.0,,,,,,,,,,2000,70
,1.0,,,,,,,,1.0,1.0,,,,,1999,66
1.0,,,,,1.0,,,,,,,,,,2000,55
1.0,,,,,,,,,,,,,,,2000,55
1.0,,,,,,,,,,,,,,,2000,58
1.0,1.0,,,,,,,,,,,,,,2000,59
,,,,,,1.0,,,,,,,,,1999,56
1.0,,,,,1.0,,,,,,,,,,1999,70
1.0,,,,,,,,,,,,,,,1999,64
1.0,1.0,,1.0,,,,,,,,,,,,2000,78
1.0,,,,,1.0,,,,,,,,,,2000,52
1.0,,,,1.0,,,,,,,,,,,2000,57
1.0,1.0,,1.0,,,,,,,,,,,,2000,49
1.0,,,,,1.0,,,,,,,,,,1999,57
1.0,,,,,,,,,,,,,,,1999,54
1.0,,,,,,,,,,,,,,,2000,68
1.0,,,,,,,,,,,,,,,2000,62
1.0,,,,,1.0,,,,,,,,,,2001,65
1.0,,,,,,,,,,,,,,,2000,60
,,,,1.0,1.0,,,,,,,,,,2000,54
1.0,,,,,,,,,1.0,,,,,,1999,56
1.0,1.0,,,,,,,,,,,,,,2000,54
1.0,,,,,1.0,,,,,,,,,,2001,60
1.0,,,,,,,,,,,,,,,2000,70
1.0,1.0,,1.0,,,,,,,,,,,,1999,64
1.0,,,,,,,1.0,,,,,,,,2000,68
1.0,,,,,1.0,,,,,,,,,,2000,65
,,,,,,,,,,,1.0,,,,1999,71
1.0,,,,,,,,,,,,,,,1999,64
1.0,1.0,,1.0,,,,,,,,,,,,1999,69
1.0,,,,,,,,,,,,,,,2000,65
1.0,,,,1.0,1.0,,,,,,,,,,2000,68
1.0,,,,1.0,,,,,,,,,,,2000,76
1.0,,,,,1.0,,,,,,,,,,2001,70
,,,,1.0,,,,,,,,,,,2000,83
1.0,,,,,,1.0,,,,,,,,,2001,73
1.0,,,,,,,,,,,,,,,2001,68
1.0,,,,1.0,,,,,1.0,,,,,,2000,1
1.0,,,,,,,,,1.0,,,,,,2001,74
1.0,1.0,,,,,,,,,,,,,,2001,78
1.0,,,,,,,,,,,,,,,2001,77
1.0,,,,,,,,,,,,,,,2001,62
1.0,,,,,1.0,,,,,,,,,,2001,71
1.0,,,,,,,,,,,,,,,2001,69
1.0,,,,,,1.0,,,,,,,,,2001,62
1.0,,,,1.0,1.0,,,,,,,,,,2001,57
1.0,,,,,1.0,,,,,,,,,,2001,76
1.0,,,,,,1.0,,,,,,,,,2015,53
,,,1.0,,,,,,,,,,,,2000,73
1.0,,,,,,,,,,,,,,,2001,65
,,,,,,1.0,,,,,,,,,2006,54
1.0,,,,,,,,,,,,,,,2001,54
1.0,,,,1.0,1.0,,,,,,,,,,2001,57
1.0,,,,,,,,,,,,,,,2001,63
1.0,,,,,1.0,,,,,,,,,,2001,43
,1.0,,1.0,,,,,,,,,,,,1999,71
1.0,,,,,1.0,,,,,,,,,,2001,64
1.0,,,,1.0,1.0,,,,,,,,,,2001,73
1.0,,,,1.0,1.0,,,,,,,,,,2001,0
1.0,,,,1.0,1.0,,,,,,,,,,2002,50
,1.0,,1.0,,,,,,,,,,,,2001,78
,,,,1.0,,1.0,,,,,,,,,2001,76
1.0,,,,1.0,,,,,,,,,,,2000,82
1.0,,,,,,1.0,,,,,,,,,2001,50
1.0,,,,,1.0,,,,,,,,,,2001,42
1.0,,,,,,,,,,,,,,,1999,73
1.0,,,,,1.0,,,,,,,,,,2000,57
,1.0,,1.0,,,,,,,,,,,,2001,69
1.0,,,,1.0,1.0,,,,,,,,,,2001,57
1.0,,,,1.0,1.0,,,,,,,,,,2001,68
1.0,,,,,,,,,1.0,,,,,,2008,52
1.0,,,,1.0,1.0,,,,,,,,,,2001,60
,,,,,,1.0,,,,,,,,,2000,50
,,,,1.0,,,,,,,,,,,2001,74
,,,,1.0,,,,,,,,,,,2001,57
1.0,,,,,1.0,,,,,,,,,,2000,48
1.0,,,,,1.0,,,,,,,,,,2001,61
1.0,,,,1.0,1.0,,,,,,,,,,2001,67
1.0,,,,,,,,,,,,,,,2001,65
1.0,,,,1.0,1.0,,,,,,,,,,2001,55
1.0,,,,1.0,1.0,,,,,,,,,,2001,63
1.0,,,,,,,,,,,,,,,2001,47
,,,,,,1.0,,,,,,,,,2001,54
,1.0,,1.0,,,,,,,,,,,,2001,75
1.0,,,,1.0,,,,,,,,,,,2001,57
1.0,1.0,,,1.0,,,,,,,,,,,2001,68
1.0,,,,1.0,1.0,,,,,,,,,,2016,26
1.0,,,,,,,,,,,,,,,2000,53
1.0,,,,,,,,,,,,,,,2001,58
1.0,,,,,,,,,,,,,,,2001,58
1.0,,,,1.0,1.0,,,,,,,,,,2001,67
,,,,1.0,,,,,,,,,,,2001,68
1.0,,,,,,,,,,,,,,,2001,63
1.0,,,,1.0,1.0,,,,,,,,,,2000,60
1.0,,,,1.0,,,,,1.0,,,,,,2000,1
,,,,,,1.0,,,,,,,,,2001,61
1.0,,,,,,1.0,,,,,,,,,2004,46
1.0,,,,1.0,1.0,,,,,,,,,,2000,56
1.0,,,,,,,,,,,,,,,2001,60
,,,,,,,1.0,,,,,1.0,,,2000,69
1.0,,1.0,,,,,,,,,,,,,2001,60
1.0,1.0,,,,,,,,,,,,,,2000,58
1.0,,,,,1.0,,,,,,,,,,2001,64
1.0,,,,,,1.0,,,,,,,,,2000,53
1.0,,,,,1.0,,,,,,,,,,2001,56
1.0,1.0,,,,,,,,,,,,,,2000,68
1.0,,,,,,,,,,,,,,,2002,46
,,,,,,1.0,,,,,,,,,2018,0
1.0,,,,,1.0,,,,,,,,,,2001,65
1.0,,,,,,,,,,,,,,,2001,66
1.0,,,,1.0,1.0,,,,,,,,,,2001,64
1.0,,,,,1.0,,,,,,,,,,2001,65
,,,,,,1.0,,,,,,,,,2001,54
1.0,,,,1.0,1.0,,,,,,,,,,2001,66
1.0,,,,,1.0,,,,,,,,,,2000,0
,,,,,,1.0,,,,,,,,,2001,51
1.0,1.0,,,,,,,,,,,,,,2001,48
1.0,,,,,,1.0,,,,,,,,,2001,0
1.0,,,,1.0,,,,,,,,,,,2000,54
1.0,,,,,1.0,,,,,,,,,,2001,60
1.0,,,,1.0,1.0,,,,,,,,,,2000,75
1.0,,,,1.0,,,,,,,,,,,2001,59
1.0,1.0,,,,,,,,,,,,,,2001,68
,,,,1.0,,,,,,,,,,,2001,63
1.0,,,,,1.0,,,,,,,,,,2001,69
,1.0,,,,,,,,,,,,,,2000,56
1.0,,,,,1.0,,,,,,,,,,2019,30
,1.0,,1.0,,,,,,,,,,,,2001,64
1.0,,,,,1.0,,,,,,,,,,2000,56
1.0,,,,1.0,1.0,,,,,,,,,,2001,65
1.0,,,,,,,,,,,,,,,2001,45
1.0,1.0,,1.0,,,,,,,,,,,,2000,61
1.0,,,,1.0,1.0,,,,,,,,,,2002,77
,,,,1.0,,,,,,,,,,,2002,87
1.0,,,,,,,,,,,,,,,2002,78
1.0,,,,,,,1.0,,,,,,,,2002,75
1.0,,,,,,,,,,,,,,,2001,72
1.0,,,,,,,,,1.0,,,,,,2001,64
1.0,1.0,,,,,,,,,,,,,,2001,27
1.0,,,,,1.0,,,,,,,,,,2002,58
1.0,,,,1.0,,,,,,,,,,,2002,68
,,,,1.0,,,,,,,,,,,2002,85
1.0,,,,1.0,,,,,,,,,,,2004,69
1.0,,,,1.0,1.0,,,,,,,,,,2001,60
1.0,,,,,,,,,,,,,,,2003,53
1.0,,,,1.0,1.0,,,,,,,,,,2002,53
1.0,,,,,,,,,,,,,,,2019,40
,1.0,,1.0,,,,,,,,,,,,2000,83
,,,,,,,,,,,1.0,,,,2002,66
1.0,,,,1.0,1.0,,,,,,,,,,2019,0
1.0,,,,,,1.0,,,,,,,,,2002,54
1.0,,,,,1.0,,,,,,,,,,2002,59
,1.0,,1.0,,,,,,,,,,,,2003,60
1.0,,,,1.0,1.0,,,,,,,,,,2002,43
,,,1.0,,,,,,,,,,,,2003,66
1.0,,,,,,,,,,,,,,,2001,61
1.0,,,,,,1.0,,,,,,,,,2013,46
1.0,,,,1.0,1.0,,,,,,,,,,2001,49
1.0,,,,1.0,1.0,,,,,,,,,,2002,42
1.0,,,,1.0,1.0,,,,,,,,,,2002,52
1.0,,,,,,,,,,,,,,,2002,60
1.0,,,,1.0,,,,,,,,,,,2001,55
1.0,,,,,,,,,,,,,,,2001,59
1.0,,,,,,1.0,,,,,,,,,2013,47
1.0,,,,1.0,1.0,,,,,,,,,,2002,58
1.0,,,,1.0,,,,,,,,,,,2002,59
1.0,,,,,1.0,,,,,,,,,,2015,59
1.0,,,,1.0,1.0,,,,,,,,,,2002,64
1.0,,,,,,1.0,,,,,,,,,2000,55
1.0,,,,1.0,1.0,,,,,,,,,,2002,75
1.0,,,,,,,,,,,,,,,2003,53
1.0,,,,,,,,,,,,,,,2002,68
1.0,,,,1.0,1.0,,,,,,,,,,2002,49
1.0,,,,,1.0,,,,,,,,,,2002,45
,,,,,,1.0,,,,,,,,,2002,48
1.0,,,,1.0,,,,,,,,,,,2001,73
1.0,,,,,,,,,,,,,,,2019,43
1.0,1.0,,,,,,,,,,,,,,2001,26
1.0,,,,1.0,1.0,,,,,,,,,,2002,2
,1.0,,,,,,,,,,,,,,2002,80
1.0,,,,,1.0,,,,,,,,,,2002,58
1.0,,,,1.0,,,,,,,,,,,2002,59
1.0,,,,1.0,1.0,,,,,,,,,,2001,53
1.0,,,,,,,,,,,,,,,2002,47
1.0,,,,,,1.0,,,,,,,,,2001,55
1.0,,,,1.0,,,,,,,,,,,2002,58
1.0,,,,,,,,,,,,,,,2003,35
1.0,,,,1.0,,,,,,,,,,,2005,63
1.0,,,,,,,,,,,,,,,2001,45
1.0,1.0,,,,,,,,,,,,,,2001,24
1.0,,,,1.0,1.0,,,,,,,,,,2002,55
1.0,,,,,,1.0,,,,,,,,,2002,62
1.0,,,,,,,,,,,,,,,2002,62
1.0,,,,,1.0,,,,,,,,,,2001,32
1.0,,,,,,,,,,,,,,,2001,53
,,,,1.0,,,,,,,,,,,2002,71
1.0,,,,1.0,1.0,,,,,,,,,,2002,61
1.0,,,,,,,,,,,,,,,2003,54
1.0,,,,,,,,,,,,,,,2001,68
1.0,,,,,1.0,,,,,,,,,,2001,52
1.0,,,,,,,,,,,,,,,2002,56
1.0,1.0,,,,,,,,,,,,,,2002,79
1.0,,,,1.0,1.0,,,,,,,,,,2002,70
1.0,1.0,,,,,,,,,,,,,,2002,60
1.0,,,,1.0,,,,,,,,,,,2002,64
1.0,1.0,,1.0,,,,,,,,,,,,2001,69
1.0,,,,1.0,1.0,,,,,,,,,,2001,73
1.0,,,,1.0,1.0,,,,,,,,,,2002,70
1.0,,,,,,,,,,,,,,,2002,75
1.0,,,,,,,,,,,,,,,2002,63
1.0,,,,,,,,,,,,,,,2001,58
1.0,,,,1.0,,,,,,,,,,,2002,67
,1.0,,,,,,,,,,,,,,2002,73
,1.0,,,,,,,1.0,,,,,,,2002,60
1.0,,,,,,,,,,,,,,,2002,65
1.0,,,,,,,,,,,,,,,2001,50
1.0,1.0,,,,,,,,,,,,,,2001,64
1.0,,,,,,,1.0,,,,,,,,2002,57
1.0,,,,1.0,1.0,,,,,,,,,,2001,59
1.0,1.0,,1.0,,,,,,,,,,,,2015,47
1.0,1.0,,,,,,,,,,,,,,2002,56
,1.0,,1.0,,,,,,,,,,,,2001,70
1.0,,,,1.0,,,,,,,,,,,2001,60
,,,,,,,,,,,1.0,,,,2012,40
1.0,1.0,,1.0,,,,,,,,,,,,2001,40
1.0,,,,,,,1.0,,,,,,,,2001,60
1.0,,,,,,,,,,,,,,,2002,58
1.0,,,,,,,,,1.0,,,,,,2001,56
,1.0,,1.0,,,,,,,,,,,,2001,64
1.0,1.0,,,,,,,,,,,,,,2002,72
1.0,,,,1.0,,,,,,,,,,,2001,51
1.0,,,,,,,,,,,,,,,2001,60
1.0,,,,1.0,,,,,,,,,,,2003,81
1.0,,,,1.0,,,,,,,,,,,2002,74
,,,,1.0,,,,,,,,,,,2004,77
1.0,,,,,1.0,,,,,,,,,,2003,76
1.0,1.0,,,,,,,,,,,,,,2003,50
1.0,,,,1.0,,,,,,,,,,,2003,68
1.0,,,,1.0,1.0,,,,,,,,,,2002,70
1.0,,,,1.0,,,,,,,,,,,2003,56
1.0,,,,,,,,,,,,,,,2020,39
1.0,,,,,,1.0,,,,,,,,,2003,66
1.0,,,,1.0,,,,,,,,,,,2002,68
,,,,1.0,,,,,,,,1.0,,,2003,61
1.0,,,,,,1.0,,,,,,,,,2004,59
,,,,1.0,,,,,,,,,,,2002,71
1.0,,,,1.0,,,,,,,,,,,2003,76
1.0,,,,,,,,,,,,,,,2003,69
,1.0,,1.0,,,,,,,,,,,,2003,72
1.0,,,,1.0,,,,,,,,,,,2007,70
,,,1.0,,,,,,,,,,,,2003,79
1.0,,,,,1.0,,,,,,,,,,2003,57
1.0,,,,1.0,1.0,,,,,,,,,,2002,59
,1.0,,1.0,,,,,,,,,,,,2003,72
1.0,,,,1.0,,,,,,,,,,,2002,47
1.0,,,,1.0,1.0,,,,,,,,,,2003,62
1.0,,,,1.0,1.0,,,,1.0,,,,,,2003,73
1.0,,,,1.0,1.0,,,,,,,,,,2002,36
1.0,,,,,,,,,,,,,,,2003,59
1.0,,,,,,,,,,,,,,,2004,57
1.0,,,,,,,,,,,,,,,2003,54
1.0,,,,,,,,,,,,,,,2002,76
,1.0,,,,,,,,,1.0,,,,,2003,3
1.0,,,,1.0,,,,,,,,,,,2003,54
1.0,,,,,1.0,,,,,,,,,,2003,63
1.0,,,,1.0,1.0,,,,,,,,,,2019,47
1.0,,,,,,,,,,,,,,,2002,61
,1.0,,1.0,,,,,,,,,,,,2003,68
1.0,,,,,,,,,,,,,,,2003,48
1.0,,,,1.0,1.0,,,,,,,,,,2003,50
,1.0,,1.0,,,,,,,,,,,,2002,72
1.0,1.0,,,,1.0,,1.0,,,,,,,,2008,58
1.0,,,,,1.0,,,,,,,,,,2003,61
1.0,,,,,,1.0,,,,,,,,,2003,58
1.0,,,,1.0,1.0,,,,,,,,,,2016,52
,,,,,,1.0,,,,,,,,,2003,57
,,,,1.0,,,,,,,,,,,2009,49
,,,1.0,,,,,,,,,,,,2003,70
1.0,,,,,1.0,,,,,,,,,,2003,58
1.0,,,,1.0,,,,,,,,,,,2003,57
1.0,,,,1.0,,,,,,,,,,,2003,67
1.0,,,,1.0,1.0,,,,,,,,,,2003,69
,,,,1.0,,,,,,,,,,,2002,71
1.0,,,,1.0,1.0,,,,,,,,,,2003,48
1.0,,,,,1.0,,,,,,,,,,2003,48
1.0,,,,1.0,,,,,,,,,,,2003,72
1.0,,,,1.0,1.0,,,,,,,,,,2002,61
1.0,,,,1.0,1.0,,,,,,,,,,2002,57
1.0,,,,,,1.0,,,,,,,,,2003,60
1.0,,,,,,1.0,,,,,,,,,2003,59
1.0,,,,,,,,,,,,,,,2002,67
1.0,,,,1.0,1.0,,,,,,,,,,2003,49
1.0,,,,1.0,,,,,,,,,,,2005,67
1.0,,,,1.0,1.0,,,,,,,,,,2002,57
1.0,,,,1.0,1.0,,,,,,,,,,2003,59
,1.0,,,,,,,,,,,,,,2003,0
1.0,,,,,,1.0,,,,,,,,,2003,38
1.0,,,,1.0,,,,,,,,,,,2003,57
,,,,1.0,,,,,,,,,,,2002,58
1.0,1.0,,1.0,,,,,,,,,,,,2002,67
1.0,,,,1.0,1.0,,,,,,,,,,2002,60
1.0,,,,,,,,,,,,,,,2002,73
1.0,,,,,,,,,,,,,,,2003,57
1.0,1.0,,,,,,,,,,,,,,2003,60
1.0,,,,,1.0,,,,,,,,,,2003,48
,,,,1.0,,,,,,,,,,,2002,56
1.0,1.0,,,,,,,,,,,,,,2002,79
1.0,,,,1.0,1.0,,,,,,,,,,2002,54
1.0,,,,1.0,1.0,,,,,,,,,,2002,70
1.0,,,,1.0,1.0,,,,,,,,,,2003,65
1.0,,,,,,,,,,,,,,,2002,67
,1.0,,1.0,,,,,,,,,,,,2002,75
1.0,,,,1.0,,,,,,,,,,,2002,61
1.0,,,,,1.0,,,,,,,,,,2002,55
1.0,,,,1.0,1.0,,,,,,,,,,2002,60
1.0,,,,,1.0,,,,,,,,,,2003,64
1.0,,,,,,,,,,,,,,,2003,44
,,,,1.0,,,,,,,,,,,2002,63
1.0,,,,1.0,1.0,,,,,,,,,,2003,61
1.0,,,,1.0,1.0,,,,,,,,,,2003,61
1.0,,,,,1.0,,,,,,,,,,2003,47
1.0,,,,1.0,1.0,,,,,,,,,,2002,61
1.0,1.0,,,,,,,,,,,,,,2002,63
1.0,,,,1.0,,,,,,,,,,,2003,66
1.0,,,,1.0,1.0,,,,,,,,,,2003,67
1.0,1.0,,,,,,,,,,,,,,2003,61
1.0,,,,,,,,,,,,,,,2002,58
,1.0,,1.0,,,,,,,,,,,,2002,68
,,,,1.0,1.0,,,,,,,,,,2003,63
,1.0,,,,,,,,,,,,,,2003,74
1.0,,,,,,,,,,,,,,,2002,70
1.0,,,,,,,,,,,,,,,2003,55
1.0,,,,1.0,1.0,,,,,,,,,,2004,81
1.0,,,,,,,,,,,,,,,2002,77
1.0,,,,,,,,,,,,,,,2003,81
1.0,,,,1.0,,,,,,,,,,,2003,80
1.0,1.0,,1.0,,,,,,,,,,,,2003,79
1.0,,,,,,,,,,,,,,,2004,65
,,,,,,,,,1.0,,,,,,2004,11
1.0,,,,1.0,,,,,,,,,,,2004,53
1.0,,,,,,,,,,,,,,,2004,56
,,,,1.0,,,,,,,,,,,2004,67
1.0,,,,,,,,,,,,,,,1999,56
1.0,,,,,1.0,,,,,,,,,,2004,60
1.0,,,,1.0,1.0,,,,,,,,,,2004,56
,,,1.0,,,,,,,,,,,,2003,68
1.0,,,,1.0,,,,,,,,,,,2004,59
1.0,,,,,1.0,,,,,,,,,,2003,63
,1.0,,1.0,,,,,,,,,,,,2003,81
1.0,,,,1.0,,,,,,,,,,,2004,61
1.0,,,,,,,,,,,,,,,2004,16
1.0,1.0,,,1.0,,,,,,,,,,,2004,73
1.0,,,,1.0,1.0,,,,,,,,,,2004,42
1.0,,,,,,,,,,,,,,,2016,66
1.0,,,,,1.0,,,,,,,,,,2004,61
1.0,,,,,,1.0,,,,,,,,,2004,72
1.0,,,,,1.0,,,,,,,,,,2004,67
1.0,,,,,1.0,1.0,,,,,,,,,2003,63
1.0,,,,1.0,1.0,,,,,,,,,,2004,56
,1.0,,,,,,,,,,,,,,2004,63
,,,,,,,,,,,1.0,,,,2004,57
1.0,,,,,,,,,,,,,,,2004,53
1.0,,,,,1.0,,,,,,,,,,2004,67
1.0,,,,1.0,1.0,,,,1.0,,,,,,2003,73
1.0,,,,1.0,,,,,,,,,,,2003,56
,,,,1.0,,,,,,,,,,,2003,53
1.0,,,,,,,,,1.0,,,,,,2004,70
1.0,,,,,,,,,,,,,,,2004,61
1.0,1.0,,,,,,,,,,,,,,2004,33
1.0,,,,1.0,,,,,,,,,,,2003,49
1.0,,,,1.0,,,,,,,,,,,2003,61
1.0,,,,,,,,,1.0,,,,,,2003,37
1.0,,,,,1.0,1.0,,,,,,,,,2003,68
,1.0,,1.0,,,,,,,,,,,,2003,68
1.0,,,,1.0,1.0,,,,,,,,,,2005,49
1.0,,,,1.0,1.0,,,,,,,,,,2004,45
1.0,,,,,1.0,,,,,,,,,,2003,56
,,,,1.0,,,,,,,,,,,2004,67
1.0,,,,,1.0,,,,,,,,,,2003,58
1.0,,,,1.0,,,,,,,,,,,2004,39
1.0,,,,1.0,,,,,,,,,,,2002,68
,,,,,,1.0,,,,,,,,,2004,65
1.0,1.0,,,1.0,,,,,,,,,,,2004,57
1.0,,,,,,1.0,,,,,,,,,2003,0
,,,,1.0,,,,,,,,,,,2004,67
1.0,,,,1.0,1.0,,,,,,,,,,2003,61
1.0,,,,1.0,,,,,,,,,,,2004,63
,,,,,,,,,,,1.0,,,,2004,51
1.0,,,,,,1.0,,,,,,,,,2004,47
1.0,,,,1.0,1.0,,,,,,,,,,2004,66
,,,,1.0,,,,,,,,,,,2004,57
1.0,,,,,,,,,,,,,,,2003,63
,1.0,,,,,,,,,,,1.0,,,2004,64
,1.0,,,,,,,,,,,,,,2004,77
1.0,,,,1.0,,,,,,,,,,,2001,59
1.0,,,,1.0,,,,,,,,,,,2003,61
1.0,,,,1.0,,,,,,,,,,,2004,42
,,,,1.0,,,,,,,,,,,2004,73
,,,1.0,,,,,,,,,,,,2003,72
1.0,,,,1.0,1.0,,,,,,,,,,2004,57
,,,,,1.0,,,,,,,,,,2004,46
1.0,1.0,,,,,,,,,,,,,,2003,60
1.0,,,,,,,,,,,,,,,2004,58
1.0,,,,1.0,1.0,,,,,,,,,,2004,72
,1.0,,,,,,,,,,,,,,2004,77
1.0,,,,,1.0,1.0,,,,,,,,,2003,57
1.0,1.0,,,,,1.0,,,,,,,,,2004,43
1.0,,,,,1.0,,,,,,,,,,2003,55
,,,,1.0,,,,,,,,,,,2004,76
1.0,,,,,,,,,,,,,,,2004,61
1.0,,,,1.0,,,,,,,,,,,2003,48
1.0,,,,,,,,,,,,,,,2004,68
1.0,,,,,,,,,,,,,,,2003,44
,,,,,,,,,,,1.0,,,,2004,64
1.0,,,,,1.0,,,,,,,,,,2003,62
1.0,1.0,,1.0,,,,,,,,,,,,2002,74
,,,,1.0,,,,,,,,,,,2004,80
1.0,,,,1.0,1.0,,,,,,,,,,2004,56
1.0,,,,,,,,1.0,,,,,1.0,,2003,55
1.0,,,,1.0,1.0,,,,,,,,,,2004,76
1.0,,,,1.0,1.0,,,,,,,,,,2004,59
,,,,,,1.0,,,,,,,,,2004,59
,,,,1.0,,1.0,,,,,,,,,2004,58
1.0,,,,1.0,,,,,,,,,,,2003,64
1.0,,,,1.0,,,,,,,,,,,2003,66
1.0,,,,,,1.0,,,,,,,,,2004,59
1.0,,,,,1.0,,,,,,,,,,2003,57
,,,,1.0,,,,,,,,,,,2004,48
1.0,,,,,,,,,,,,,,,2001,65
1.0,,,,,,,,,,,,,,,2004,56
1.0,,,,,,,,,,,,,,,2003,55
1.0,,,,,1.0,,,,,,,,,,2003,61
1.0,,,,,1.0,,,,,,,,,,2005,69
1.0,,,,,1.0,,,,,,,,,,2004,72
,,,,1.0,,,,,,,,,,,2005,78
1.0,,,,1.0,1.0,,,,,,,,,,2005,77
1.0,,,,1.0,,,,,,,,,,,2005,79
1.0,,,,,,,,,,,,,,,2005,75
,1.0,,,,,,,,,,,,,,2004,72
1.0,,,,,1.0,,,,,,,,,,2005,72
1.0,,,,,,,,,,,,,,,2005,74
1.0,,,,,,,,,,,,,,,2004,28
1.0,,,,,,,,,,,,,,,2005,74
1.0,,,,1.0,,,,,,,,,,,2005,76
1.0,,,,,,,,,,,,,,,2005,67
,,,,1.0,,,,,,,,,,,2004,52
1.0,,,,1.0,,,,,,,,,,,2005,59
1.0,,,,,1.0,,,,,,,,,,2004,68
,,,,,,1.0,,,,,,,,,2005,63
1.0,1.0,,,1.0,,,,,,,,,,,2005,73
1.0,,,,1.0,,,,,,,,,,,2005,72
1.0,,,,1.0,,,,,,,,,,,2005,74
1.0,,,,1.0,1.0,,,,,,,,,,2005,71
1.0,,,,,1.0,,,,,,,,,,2005,0
1.0,,,,1.0,,,,,,,,,,,2005,67
1.0,,,,,1.0,,,,,,,,,,2004,61
1.0,,,,1.0,,,,,,,,,,,2005,60
1.0,,,,1.0,1.0,,,,1.0,,,,,,2005,4
1.0,,,,1.0,1.0,,,,,,,,,,2005,65
,,,,1.0,,,,,,,,,,,2004,76
1.0,,,,1.0,,,,,,,,,,,2005,77
,,,,1.0,,,,,,,,,,,2005,82
1.0,,,,1.0,,,,,,,,,,,2005,62
1.0,,,,,,,,,,,,,,,2004,21
,1.0,,,,,1.0,,,,,,,,,2005,54
1.0,,,,,1.0,,,,,,,,,,2005,64
1.0,,,,1.0,,,,,,,,,,,2005,55
,,,,1.0,,,,,,,,,,,2004,77
1.0,,,,,,,,,1.0,,,,,,2005,72
,,,,1.0,,,,,,,,,,,2005,73
1.0,,,,1.0,,,,,,,,,,,2004,54
1.0,1.0,,,,,,,,,,,,,,2005,58
1.0,,,,1.0,,,,,,,,,,,2005,52
1.0,,,,1.0,,,,,,,,,,,2004,50
1.0,,,,1.0,,,,,,,,,,,2005,63
1.0,,,,1.0,1.0,,,,,,,,,,2005,67
1.0,,,,,,,1.0,,,,,,,,2005,56
,,,,,,,,,,,1.0,,,,2004,42
1.0,,,,1.0,1.0,,,,,,,,,,2005,65
1.0,,,,,,,,,,,,,,,2005,63
1.0,,,,1.0,1.0,,,,,,,,,,2005,63
,,,,1.0,,,,,,,,,,,2005,61
1.0,,,,1.0,,,,,,,,,,,2004,39
1.0,,,,1.0,,,,,,,,,,,2005,41
1.0,,,,,1.0,,,,,,,,,,2004,63
1.0,,,,,1.0,,,,,,,,,,2005,52
1.0,,,,1.0,1.0,,,,,,,,,,2008,52
1.0,,,,1.0,,,,,,,,,,,2004,59
,1.0,,,,,,,,,,,,,,2005,61
1.0,,,,,,,1.0,,,,,,,,2005,52
1.0,,,,,1.0,,,,,,,,,,2004,69
1.0,,,,1.0,1.0,,,,,,,,,,2005,59
,1.0,,,,,,,,,,,,,,2005,74
1.0,,,,,1.0,,,,,,,,,,2003,50
,,,,1.0,,,,,,,,,,,2004,68
1.0,,,,1.0,1.0,,,,,,,,,,2005,56
1.0,,,,,,,,1.0,,,,,1.0,,2005,60
1.0,,,,1.0,,,,,,,,,,,2004,66
1.0,,,,,1.0,,,,,,,,,,2005,0
1.0,,,,1.0,,,,,,,,,,,2005,57
1.0,,,,1.0,,,,,,,,,,,2020,34
1.0,,,,1.0,1.0,,,,,,,,,,2005,66
,1.0,,,,,,,,,,,,,,2005,58
1.0,,,,,1.0,,,,,,,,,,2004,59
1.0,,,,1.0,,,,,,,,,,,2005,61
1.0,,,,,,,,,,,,,,,2005,1
1.0,,,,1.0,1.0,,,,,,,,,,2005,62
,1.0,,1.0,,,,,,,,,,,,2004,60
,1.0,,,,,,,,,,,,,,2006,71
1.0,,,,,,,,,,,,,,,2006,1
1.0,,,,1.0,1.0,,,,,,,,,,2005,62
,1.0,,,,,,,,,,,,,,2005,63
1.0,,,,1.0,1.0,,,,,,,,,,2004,61
1.0,,,,,1.0,,,,,,,,,,2004,71
1.0,1.0,,1.0,,,,,,,,,,,,2012,52
,1.0,,1.0,,,,,,,,,,,,2005,67
1.0,,,,1.0,1.0,,,,,,,,,,2005,0
1.0,,,,,1.0,,,,,,,,,,2004,58
1.0,,,,,1.0,,,,,,,,,,2005,67
1.0,,,,,,,,,,,,,,,2004,62
1.0,1.0,,,,,,,,,,,,,,2005,69
,,,,1.0,,,,,,,,,,,2004,67
1.0,,,,1.0,1.0,,,,,,,,,,2004,61
1.0,1.0,,,,,,,,,,,,,,2005,69
1.0,,,,,,,1.0,,,,,1.0,,,2005,71
1.0,,,,,1.0,,,,,,,,,,2004,55
1.0,,,,,1.0,,,,,,,,,,2004,71
,1.0,,,,,,,,,,,1.0,,,2004,56
1.0,1.0,,,,,,,,,,,,,,2005,65
,,1.0,,,,,,,,,,,,,2005,67
1.0,,,,,1.0,,,,,,,,,,2004,59
,1.0,,1.0,,,,,,,,,,,,2005,76
1.0,,,,,,,,,1.0,,,,,,2005,82
1.0,,,,1.0,,,,,,,,,,,2005,78
1.0,,,,,,,,,,,,,,,2006,78
1.0,,,,,1.0,,,,,,,,,,2007,70
,,,,,1.0,,,,,,,,,,2006,71
1.0,,,,1.0,1.0,,,,,,,,,,2006,73
,,,,1.0,1.0,,,,,,,,,,2006,74
1.0,,,,1.0,,,,,,,,,,,2006,61
1.0,,,,1.0,,,,,1.0,,,,,,2006,79
1.0,,,,,,1.0,,,,,,,,,2006,69
1.0,,,,1.0,,,,,,,,,,,2006,55
1.0,,,,,,,,,,,,,,,2005,61
1.0,,,,1.0,,,,,,,,,,,2005,71
1.0,,,,1.0,,,,,,,,,,,2005,75
1.0,,,,1.0,,,,,1.0,,,,,,2006,82
1.0,,,,,,1.0,,,,,,,,,2015,39
1.0,,,,1.0,,,,,,,,,,,2006,58
1.0,,,,,1.0,,,,,,,,,,2005,68
1.0,,,,,1.0,,,,,,,,,,2006,59
,,,,1.0,,,,,,,,,,,2005,74
1.0,,,,1.0,1.0,,,,,,,,,,2006,65
,1.0,,,,,,,,,,,,,,2006,75
1.0,,,,1.0,1.0,,,,,,,,,,2005,63
1.0,,,,,,,,,,,,,,,2004,57
1.0,,,,,1.0,,,,,,,,,,2006,73
1.0,,,,1.0,,,,,,,,,,,2006,63
1.0,,,,,1.0,,,,,,,,,,2005,57
1.0,,,,1.0,,,,,,,,,,,2006,67
1.0,,,,,,1.0,,,,,,,,,2006,40
,,,,1.0,,,,,,,,,,,2005,68
1.0,,,,1.0,,,,,,,,,,,2006,66
1.0,,,,,,,,,,,,,,,2006,1
1.0,,,,,,,,,,,,,,,2006,72
,1.0,,1.0,,,,,,,,,,,,2005,65
1.0,,,,1.0,1.0,,,,,,,,,,2005,60
1.0,,,,,,,,,,,,,,,2006,64
1.0,,,,,1.0,,,,,,,,,,2006,57
1.0,,,,1.0,,1.0,,,,,,,,,2011,0
1.0,,,,1.0,,,,,,,,,,,2005,63
1.0,,,,1.0,1.0,,,,,,,,,,2006,42
1.0,,,,,1.0,,,,,,,,,,2007,57
1.0,,,,,,,,,,,,,,,2006,0
,,,,1.0,,,,,,,,,,,2005,68
1.0,,,,,1.0,1.0,,,,,,,,,2006,50
1.0,,,,,,1.0,,,,,,,,,2005,49
,,,,,,,,,,,1.0,,,,2005,46
1.0,,,,,1.0,,,,,,,,,,2005,69
1.0,,,,,,1.0,,,,,,,,,2012,49
1.0,,,,1.0,1.0,,,,,,,,,,2006,70
,,,,1.0,,,,,,,,,,,2005,73
1.0,,,,1.0,,,,,,,,,,,2006,60
,,,1.0,,,,,,,,,,,,2006,65
1.0,,,,1.0,1.0,,,,,,,,,,2006,62
,1.0,,1.0,,,,,,,,,,,,2005,70
,1.0,,,,,,,,,,,,,,2005,74
1.0,,,,,1.0,,,,,,,,,,2007,57
1.0,,,,1.0,,,,,,,,,,,2006,64
1.0,,,,1.0,,,,,,,,,,,2006,62
1.0,,,,,,,,,,,,,,,2006,37
1.0,,,,1.0,,,,,,,,,,,2006,56
,1.0,,,,,,,,,,,,,,2006,72
,,1.0,,,,,,,,,,,,,2006,0
1.0,,,,,1.0,,,,,,,,,,2006,45
1.0,,,,1.0,1.0,,,,,,,,,,2005,72
1.0,,,,,,,,,,,,,,,2006,68
1.0,,,,,1.0,,,,,,,,,,2006,67
1.0,,,,1.0,1.0,,,,,,,,,,2006,48
1.0,,,,,1.0,,,,,,,,,,2005,64
1.0,,1.0,,1.0,,,,,,,,,,,2005,62
,,,,,1.0,,,,,,,,,,2006,63
,,1.0,,,,,,,,,,,,,2006,69
,1.0,,,,,,,,,,,,,,2006,76
1.0,1.0,,,,,1.0,,,,,,,,,2006,63
1.0,,,,,1.0,,,,,,,,,,2006,75
1.0,1.0,,1.0,,,,,,,,,,,,2019,35
,1.0,,,,,,,,,,,,,,2006,56
,1.0,,,,,,,,,,,,,,2006,68
1.0,1.0,,,1.0,,,,,,,,,,,2005,42
1.0,,,,,1.0,,,,,,,,,,2005,67
,1.0,,,,,,,,,,,,,,2005,70
1.0,,,,,,,,,,,,,,,2005,67
1.0,,,,,,,,,,,,,,,2006,63
1.0,,,,,,,,,,,,,,,2006,0
1.0,,,,,,,,,,,,,,,2006,59
1.0,,,,,,,,,,,,,,,2006,46
1.0,,,,1.0,1.0,,,,,,,,,,2005,0
1.0,,,,,,,1.0,,,,,1.0,,,2005,64
1.0,,,,,,,,,,,,,,,2004,2
1.0,1.0,,,,,,,,,,,,,,2006,67
1.0,,,,,1.0,,,,,,,,,,2006,64
1.0,1.0,,,,,,,,,,,1.0,,,2006,35
1.0,,,,,,,,,,,,,,,2005,79
1.0,,,,,,,,,,,,1.0,,,2006,61
,1.0,,,,,,,,,,,,,,2006,76
1.0,1.0,,,,,,,,,,,,,,2006,59
1.0,1.0,,,,,,,,,,,,,,2005,65
1.0,,,,,1.0,,,,,,,,,,2006,49
1.0,,,,1.0,1.0,,,,,,,,,,2005,69
1.0,,,,,,,,,,,,,,,2006,0
,1.0,,,,,,,,,,,,,,2006,73
1.0,,,,,1.0,,,,,,,,,,2007,75
1.0,,,,1.0,1.0,,,,,,,,,,2008,81
1.0,,,,,,,,,,,,,,,2007,79
1.0,,,,,1.0,,,,,,,,,,2006,76
1.0,,,,,,,,,,,,,,,2007,0
1.0,,,,,,,,,,,,,,,2005,78
1.0,,,,,,,,,,,,,,,2006,70
1.0,,,,,1.0,,,,,,,,,,2006,71
1.0,,,,1.0,1.0,,,,,,,,,,2007,80
1.0,,,,1.0,,,,,1.0,,,,,,2006,81
,,,,,,,,,,,1.0,,,,2012,43
,,,,,,1.0,,,,,,,,,2007,73
1.0,,,,,,1.0,,,,,,,,,2007,65
1.0,,,,,,,,,,,,,,,2006,58
1.0,,,,1.0,1.0,,,,,,,,,,2007,70
1.0,,,,1.0,,,,,,,,,,,2007,67
1.0,,,,,,1.0,,,,,,,,,2007,0
1.0,,,,,,1.0,,,,,,,,,2015,0
1.0,,,,,1.0,,,,,,,,,,2006,68
,,,,1.0,,,,,,,,,,,2007,54
1.0,,,,,1.0,,,,,,,,,,2007,64
1.0,,,,1.0,,,,,,,,,,,2007,59
1.0,,,,,,,,,,,,,,,2006,53
1.0,,,,1.0,,,,,,,,,,,2007,74
1.0,,,,1.0,,,,,,,,,,,2006,59
1.0,,,,,,,,,,,,,,,2006,0
1.0,,,,1.0,1.0,,,,,,,,,,2008,69
1.0,,,,1.0,1.0,,,,,,,,,,2007,62
,,,,1.0,,,,,,,,,,,2007,47
,,,,,,,,,,,1.0,,,,2006,17
,1.0,,1.0,,,,,,,,,,,,2007,77
1.0,,,,1.0,1.0,,,,,,,,,,2007,60
1.0,,,,1.0,1.0,,,,,,,,,,2007,68
1.0,,,,1.0,,,,,,,,,,,2007,61
,1.0,,1.0,,,,,,,,,,,,2007,73
1.0,,,,,,,,,,,,,,,2006,66
1.0,,,,1.0,,,,,,,,,,,2007,59
1.0,,,,1.0,1.0,,,,,,,,,,2007,62
,1.0,,1.0,,,,,,,,,,,,2007,73
1.0,,,,,,,,,,,,,,,2006,64
,1.0,,,,,,,,,,,,,,2007,67
1.0,,,,,,,,,,,,,,,2006,72
1.0,,,,,1.0,,,,,,,,,,2006,64
,1.0,,1.0,,,,,,,,,,,,2007,73
,1.0,,,,,,,,,,,,,,2006,80
1.0,,,,1.0,,1.0,,,,,,,,,2007,57
1.0,,,,,1.0,,,,,,,,,,2007,66
1.0,,,,,,,,,,,,,,,2007,75
1.0,,,,,1.0,,,,,,,,,,2007,74
1.0,1.0,,1.0,,,,,,,,,,,,2016,45
1.0,,,,1.0,,,,,,,,,,,2013,48
1.0,,,,1.0,1.0,,,,,,,,,,2007,70
,1.0,,,,,,,,,,,,,,2007,65
1.0,,,,1.0,1.0,,,,,,,,,,2007,3
1.0,,,,1.0,,,,,,,,,,,2006,59
1.0,,,,,1.0,,,,,,,,,,2006,63
1.0,,,,1.0,1.0,,,,,,,,,,2006,57
1.0,,,,1.0,1.0,,,,,,,,,,2007,57
,1.0,,1.0,,,,,,,,,,,,2005,69
,1.0,,,,,,,,,,,,,,2007,76
1.0,,,,,,,,,,,,,,,2006,57
,1.0,,,,,,,,,,,,,,2007,76
,,,,,1.0,,,,,,,,,,2006,76
1.0,,,,1.0,1.0,,,,,,,,,,2007,58
1.0,,,,,1.0,,,,,,,,,,2006,56
1.0,,,,,,,,,1.0,,,,,,2007,45
,,,,,,1.0,,,,,,,,,2017,59
1.0,,,,,,1.0,,,,,,,,,2005,36
1.0,,,,,,,,,,,,,,,2007,62
,1.0,,,,,,,,,,,,,,2007,68
1.0,1.0,,,,,,,,,,,,,,2007,72
1.0,1.0,,1.0,,,,,,,,,,,,2019,30
1.0,,,,1.0,,,,,,,,,,,2006,52
,1.0,,1.0,,,,,,,,,,,,2007,78
1.0,,,,1.0,1.0,,,,,,,,,,2007,61
,1.0,,,,,,,,,,,,,,2007,67
1.0,,,,,,,,,,,,,,,2007,46
1.0,,,,1.0,1.0,,,,,,,,,,2006,57
1.0,,,,1.0,,,,,,,,,,,2006,0
1.0,,,,,,,,,,,,,,,2006,74
1.0,,,,,,,,,,,,,,,2006,69
1.0,,,,,,,,,,,,,,,2006,66
1.0,,,,1.0,1.0,,,,,,,,,,2007,78
1.0,,,,,,,,,,,,,,,2006,52
1.0,,,,,,,,,,,,,,,2007,68
1.0,,1.0,,,,,,,,,,,,,2005,76
,,,,,,1.0,,,,,,,,,2006,52
1.0,,,,1.0,1.0,,,,,,,,,,2007,2
1.0,,,,1.0,,,,,,,,,,,2007,61
1.0,,,,,,,,,,,,,,,2007,68
1.0,,,,1.0,,,,,,,,,,,2007,57
1.0,,,,,,,,,,,,,,,2006,57
1.0,1.0,,,,,,,,,,,,,,2007,53
,,,,,,,,,,,1.0,,,,2007,58
,,,,,,,,,,,1.0,,,,2007,56
1.0,,,,,,,,,,,,,,,2007,62
1.0,,,,,,,,,,,,,,,2007,58
1.0,,,,1.0,1.0,1.0,,,,,,,,,2007,64
,1.0,,,,,,,,,,,,,,2006,79
1.0,,,,1.0,,,,,,,,,,,2006,51
1.0,,,,1.0,,,,,,,,,,,2008,80
1.0,,,,,,,,,,,,,,,2008,73
1.0,,,,1.0,1.0,,,,,,,,,,2008,74
1.0,,,,,1.0,,,,,,,,,,2007,77
1.0,,,,1.0,1.0,,,,,,,,,,2007,74
1.0,,,,,1.0,,,,,,,,,,2008,71
1.0,,,,1.0,1.0,,,,,,,,,,2007,70
1.0,,,,,1.0,,,,,,,,,,2008,66
1.0,,,,1.0,1.0,,,,,,,,,,2008,75
1.0,,,,1.0,,,,,,,,,,,2007,70
1.0,,,,,,1.0,,,,,,,,,2007,65
1.0,,,,1.0,1.0,,,,,,,,,,2008,76
,,,,1.0,,,,,,,,,,,2011,1
1.0,,,,,,,,,,,,,,,2007,61
1.0,,,,1.0,,,,,,,,,,,2008,69
1.0,,,,,,,,,,,,,,,2008,63
,,,,1.0,,,,,,,,,,,2007,52
1.0,,,,,,,,,,,,,,,2009,71
1.0,,,,,,,,,,,,,,,2008,73
1.0,,,,1.0,1.0,,,,,,,,,,2008,77
1.0,,,,1.0,,,,,,,,,,,2007,56
1.0,,,,,,,,,,,,,,,2008,69
1.0,,,,,,,,,,,,,,,2008,76
1.0,,,,,,1.0,,,,,,,,,2008,65
1.0,,,,1.0,1.0,,,,,,,,,,2010,34
1.0,,,,1.0,,,,,,,,,,,2008,69
1.0,,,,,,,,,,,,,,,2008,57
1.0,,,,,1.0,,,,,,,,,,2008,72
1.0,,,,1.0,,,,,,,,,,,2007,46
1.0,,,,1.0,,,,,,,,,,,2007,74
1.0,,,,,,,,,,,,,,,2007,64
1.0,,,,1.0,,,,,,,,,,,2008,75
1.0,,,,,1.0,,,,,,,,,,2008,65
1.0,,,,1.0,,,,,,,,,,,2008,69
1.0,,,,1.0,1.0,,,,,,,,,,2008,61
1.0,,,,,,,,,,,,,,,2007,0
1.0,,,,,,,,,,,,,,,2008,65
1.0,,,,1.0,1.0,,,,,,,,,,2007,68
,1.0,,1.0,,,,,,,,,,,,2007,73
1.0,,,,,,,,,,,,,,,2008,51
1.0,,,,1.0,,1.0,,,,,,,,,2011,68
,,,,,1.0,,,,,,,,,,2008,56
,1.0,,,,,,,,,1.0,,,,,2007,56
1.0,,,,1.0,1.0,,,,,,,,,,2007,66
1.0,,,,,1.0,,,,,,,,,,2008,64
1.0,,,,1.0,1.0,,,,,,,,,,2008,65
1.0,,,,,,,,,,,,,,,2008,62
1.0,1.0,,1.0,,,,,,,,,,,,2008,78
,,,,1.0,,,,,,,,,,,2007,47
,,,,,1.0,,,,,,,,,,2008,78
,1.0,,1.0,,,,,,,,,,,,2008,69
,,,,,,1.0,,,,,,,,,2008,57
1.0,,,,1.0,,,,,,,,,,,2008,60
1.0,,,,,1.0,,,,,,,,,,2008,57
1.0,,,,,,,,,,,,,,,2008,76
,,,,1.0,,,,,,,,,,,2008,66
1.0,,,,1.0,,,,,,,,,,,2008,54
1.0,1.0,,,,,,,,,,,,,,2007,1
1.0,1.0,,1.0,,,,,,,,,,,,2008,56
1.0,,,,,,1.0,,,,,,,,,2007,47
1.0,,,,,1.0,,,,,,,,,,2008,0
,1.0,,,,,,,,,,,,,,2007,77
1.0,1.0,,,,,1.0,,,,,,,,,2007,55
1.0,,,,1.0,,,,,,,,,,,2008,58
,1.0,,,,,,,,1.0,1.0,,,,,2007,57
1.0,,,,1.0,1.0,,,,,,,,,,2007,62
,,,,1.0,,1.0,,,,,,,,,2008,59
1.0,,,,1.0,1.0,,,,,,,,,,2008,71
1.0,,,,,,1.0,,,,,,,,,2008,53
,,,,,,1.0,,,,,,,,,2008,55
1.0,1.0,,,,,1.0,,,,,,,,,2008,51
1.0,,,,1.0,1.0,,,,,,,,,,2008,61
1.0,,,,,1.0,,,,,,,,,,2008,70
1.0,,,,,1.0,,,,,,,,,,2007,62
1.0,1.0,,,,,,,,,,,,,,2007,67
1.0,,,,1.0,,,,,,,,,,,2008,74
1.0,,,,1.0,1.0,,,,,,,,,,2007,62
1.0,,,,,,,,,,,,,,,2007,59
1.0,,,,,,,,,,,,,,,2009,63
1.0,,,,,1.0,,,,,,,,,,2007,64
1.0,,,,,1.0,,,,,,,,,,2007,56
1.0,1.0,,,,,,,,,,,,,,2008,80
,1.0,,,,,,,,,,,,,,2008,80
,,,,1.0,,,,,,,,,,,2007,45
1.0,,,,,1.0,,,,,,,,,,2008,69
1.0,,,,,,,,,,,,,,,2008,67
1.0,,,,1.0,1.0,1.0,,,,,,,,,2007,58
1.0,,,,,,,1.0,,,,,,,,2008,51
1.0,,,,,1.0,,,,,,,,,,2007,54
1.0,1.0,,,,,,,,,,,,,,2008,63
1.0,,,,1.0,1.0,,,,,,,,,,2008,1
1.0,,,,,1.0,,,1.0,,,,,,,2008,60
1.0,,,,,1.0,,,,,,,,,,2008,55
1.0,,,,,,,,,,,,,,,2008,68
1.0,,,,1.0,,,,,,,,,,,2007,64
1.0,,,,1.0,1.0,,,,,,,,,,2008,74
1.0,,,,,1.0,,,,,,,,,,2008,1
1.0,,,,,1.0,,,,,,,,,,2007,67
1.0,,,,,1.0,,,,,,,,,,2006,58
1.0,,,,1.0,1.0,,,,,,,,,,2008,0
1.0,,,,1.0,,,,,,,,,,,2009,80
1.0,,,,,,,,,,,,,,,2008,77
1.0,,,,,1.0,,,,,,,,,,2008,74
1.0,,,,1.0,,1.0,,,,,,,,,2010,75
1.0,,,,1.0,,,,,,,,,,,2009,74
1.0,,,,,,,,,,,,,,,2008,74
1.0,,,,1.0,,,,,1.0,,,,,,2009,63
1.0,,,,,,,,,,,,,,,2008,74
1.0,,,,,,,,,,,,,,,2008,69
1.0,1.0,,1.0,,,,,,,,,,,,2009,75
1.0,1.0,,,,,1.0,,,,,,,,,2009,57
1.0,,,,1.0,,,,,,,,,,,2009,72
,,,,1.0,,,,,,,,,,,2008,82
,,,,1.0,,,,,,,,,,,2009,72
1.0,,,,,,,,,,,,,,,2008,76
1.0,,,,,,,,,,,,,,,2008,69
1.0,,,,1.0,,,,,1.0,,,,,,2009,59
1.0,,,,,1.0,,,,,,,,,,2009,66
1.0,,,,,1.0,,,,,,,,,,2008,48
1.0,,,,,,1.0,,,,,,,,,2009,65
1.0,,,,1.0,,,,,,,,,,,2009,68
1.0,,,,,,,,,1.0,,,,,,2009,68
1.0,,,,,,,,,,,,,,,2008,70
,,,,1.0,,,,,,,,,,,2009,82
1.0,,,,,,,,,,,,,,,2009,65
1.0,,,,1.0,1.0,,,,,,,,,,2009,67
1.0,,,,1.0,,1.0,,,,,,,,,2009,63
,1.0,,1.0,,,,,,,,,,,,2009,68
1.0,,,,1.0,,,,,,,,,,,2008,66
,,,,1.0,,,,,,,,,,,2009,75
1.0,,,,,,,,,,,,,,,2009,80
1.0,,,,1.0,,,,,,,,,,,2008,75
,,,,1.0,,,,,,,,,,,2009,63
1.0,,,,1.0,,1.0,,,,,,,,,2011,38
1.0,,,,,1.0,,,,,,,,,,2009,58
1.0,,,,1.0,1.0,,,,,,,,,,2009,64
1.0,,,,1.0,,,,,,,,,,,2008,59
,1.0,,,,,,,,,,,,,,2009,2
1.0,,,,1.0,1.0,,,,,,,,,,2009,3
1.0,,,,,1.0,,,,,,,,,,2008,41
1.0,,,,1.0,,1.0,,,,,,,,,2010,69
1.0,,,,,,1.0,,,,,,,,,2009,65
1.0,,,,1.0,,,,,,,,,,,2008,76
,,,,1.0,,,,,,,,,,,2009,70
1.0,,,,,,,,,,,,,,,2010,46
1.0,,,,,,1.0,,,,,,,,,2009,59
1.0,,,,,,1.0,,,,,,,,,2009,54
1.0,,,,,,,,,,,,,,,2009,0
1.0,1.0,,,1.0,,,,,,,,,,,2008,70
,,,,,,,,,,,1.0,,,,2009,65
1.0,,,,,1.0,,,,,,,,,,2008,64
1.0,,,,,,,,,,,,,,,2008,65
1.0,,,,,,,,,,,,,,,2009,57
1.0,,,,,1.0,,,,,,,,,,2009,51
1.0,,,,1.0,1.0,,,,,,,,,,2009,73
1.0,,,,,,1.0,,,,,,,,,2009,63
,,,,1.0,,,,,,,,,,,2008,66
1.0,,,,,,1.0,,,,,,,,,2005,58
1.0,,,,1.0,1.0,,,,,,,,,,2009,59
1.0,,,,1.0,,,,,,,,,,,2010,70
1.0,,,,,,,,,,,,,,,2009,54
1.0,,,,1.0,,,,,,,,,,,2008,68
1.0,,,,1.0,1.0,,,,,,,,,,2009,71
1.0,1.0,,,,,1.0,,,,,,,,,2008,77
1.0,,,,,,1.0,,,,,,,,,2009,65
,1.0,,1.0,,,,,,,,,,,,2008,66
1.0,,,,,,1.0,,,,,,,,,2009,71
,1.0,,,,,,,,,,,,,,2009,64
1.0,,,,1.0,,1.0,,,,,,,,,2009,55
1.0,,,,,,,,,,,,,,,2009,71
1.0,,,,1.0,1.0,,,,,,,,,,2008,65
1.0,,,,,,1.0,,,,,,,,,2009,59
,1.0,,,,,,,,,,,,,,2009,75
,1.0,,1.0,,,,,,,,,,,,2008,62
1.0,,,,,1.0,,,,,,,,,,2008,70
1.0,,,,1.0,,,,,,,,,,,2008,74
1.0,,,,1.0,,1.0,,,,,,,,,2011,60
1.0,,,,,1.0,,,,,,,,,,2008,67
1.0,,,,,,,,,,,,,,,2009,64
1.0,,,,1.0,1.0,,,,,,,,,,2009,62
1.0,,,,,,,,,,,,,,,2009,74
1.0,,,,,,,,,,,,,,,2013,39
,,1.0,,,,,,,,,,,,,2009,50
1.0,,,,,,,,,,,,,,,2009,67
1.0,,,,,,,,,,,,,,,2009,53
,1.0,,,,,,,,,,,,,,2008,80
1.0,,,,1.0,1.0,,,,,,,,,,2010,54
1.0,,,,,1.0,,,,,,,,,,2009,56
1.0,,,,,,,,,,,,,,,2009,79
1.0,,,,,1.0,,,,,,,,,,2009,57
1.0,,,,,1.0,,,,,,,,,,2008,64
,1.0,,,,,,,,,,,,,,2009,73
1.0,,,,,1.0,,,,,,,,,,2009,57
1.0,,,,,,,,,,,,,,,2008,55
,1.0,,1.0,,,,,,,,,,,,2008,67
1.0,,,,1.0,,,,,,,,,,,2009,62
1.0,,,,,,,,,,,,,,,2008,49
1.0,,,,,1.0,,,,,,,,,,2009,68
1.0,1.0,,,,,,1.0,,,,,,,,2009,68
1.0,,,,,,,,,,,,,,,2009,73
1.0,,,,,,,,,,,,,,,2010,77
,,,,1.0,,,,,,,,,,,2010,81
1.0,,,,,,,,,,,,,,,2009,80
1.0,,,,,,,,,,,,,,,2010,77
1.0,,,,,,1.0,,,,,,,,,2010,80
1.0,,,,1.0,,1.0,,,,,,,,,2010,76
1.0,,,,1.0,,,,,,,,,,,2010,80
1.0,,,,1.0,1.0,,,,,,,,,,2010,73
1.0,,,,,,,,,,,,,,,2012,72
1.0,,,,,,1.0,,,,,,,,,2010,68
1.0,,,,,,,,,,,,,,,2010,42
1.0,,,,1.0,,,,,,,,,,,2010,73
1.0,,,,1.0,,1.0,,,,,,,,,2010,62
,,,,,,1.0,,,,,,,,,2010,46
,,,,,,,,,1.0,,,,,,2011,0
1.0,,,,1.0,1.0,,,,,,,,,,2009,67
1.0,,,,1.0,1.0,,,,,,,,,,2009,69
1.0,,,,,,1.0,,,,,,,,,2010,63
1.0,,,,,,,,,,,,,,,2010,66
1.0,,,,1.0,,,,,,,,,,,2010,74
1.0,,,,1.0,,,,,,,,,,,2009,61
,,,,,,1.0,,,,,,,,,2009,47
,,,,1.0,,,,,,,,,,,2010,79
1.0,,,,,,,,,,,,,,,2009,67
1.0,,,,1.0,1.0,,,,,,,,,,2009,74
1.0,,,,,1.0,,,,,,,,,,2010,57
1.0,1.0,,,1.0,,,,,,,,,,,2010,32
1.0,,,,1.0,,,,,,,,,,,2010,69
1.0,,,,1.0,1.0,,,,,,,,,,2011,59
1.0,,,,,,1.0,,,,,,,,,2010,63
1.0,,,,1.0,1.0,,,,,,,,,,2011,68
1.0,,,,1.0,1.0,,,,,,,,,,2010,79
1.0,,,,1.0,,,,,,,,,,,2009,75
1.0,,,,1.0,,,,,,,,,,,2010,76
1.0,,,,1.0,1.0,,,,,,,,,,2010,74
1.0,,,,1.0,,,,,,,,,,,2010,58
1.0,,,,1.0,,1.0,,,,,,,,,2010,57
1.0,,,,,,,,,,,,,,,2010,76
1.0,,,,,,,,,,,,,,,2010,0
1.0,,,,1.0,,1.0,,,,,,,,,2010,75
1.0,,,,,,,,,,,,,,,2009,69
,,,,,,1.0,,,,,,,,,2010,1
1.0,,,,1.0,1.0,,,,,,,,,,2009,55
1.0,,,,1.0,,1.0,,,,,,,,,2010,53
1.0,,,,,,,,,,,,,,,2009,57
1.0,,,,1.0,1.0,,,,,,,,,,2010,0
1.0,,,,1.0,1.0,,,,,,,,,,2009,68
1.0,,,,,,,,,1.0,,,,,,2010,63
1.0,,,,,,1.0,,,,,,,,,2010,0
1.0,,,,1.0,1.0,,,,,,,,,,2010,73
1.0,,,,,,,,,,,,,,,2010,67
1.0,,,,1.0,1.0,,,,,,,,,,2009,3
1.0,,,,1.0,1.0,,,,,,,,,,2010,68
1.0,1.0,,,1.0,,,,,,,,,,,2010,62
1.0,,,,,,,,,,,,,,,2010,81
1.0,,,,1.0,,,,,,,,,,,2011,66
1.0,,,,,,1.0,,,,,,,,,2010,54
,,,,,,,,,,,1.0,,,,2009,57
1.0,,,,1.0,,,,,,,,,,,2010,63
1.0,,,,,,1.0,,,,,,,,,2010,61
1.0,,,,1.0,,,,,,,,,,,2010,51
1.0,,,,1.0,,,,,,,,,,,2010,65
,,,,,1.0,,,,,,,,,,2010,1
1.0,,,,1.0,,,,,,,,,,,2010,74
1.0,,,,1.0,,,,,,,,,,,2010,68
1.0,,,,1.0,1.0,,,,,,,,,,2010,73
1.0,,,,1.0,1.0,,,,,,,,,,2010,66
1.0,,,,,1.0,,,,,,,,,,2010,35
1.0,,,,,,,,,,,,,,,2010,57
1.0,,,,1.0,1.0,,,,,,,,,,2009,54
1.0,,,,1.0,,,,,,,,,,,2010,70
1.0,,,,1.0,1.0,,,,,,,,,,2010,57
1.0,,,,,,1.0,,,,,,,,,2010,63
,,,,,,1.0,,,,,,,,,2010,62
1.0,,,,,,1.0,,,,,,,,,2010,61
1.0,,,,1.0,1.0,,,,,,,,,,2009,2
1.0,,,,1.0,1.0,,,,,,,,,,2010,60
1.0,,,,1.0,,,,,,,,,,,2010,68
1.0,,,,,,1.0,,,,,,,,,2010,18
1.0,,,,,,1.0,,,,,,,,,2010,69
1.0,1.0,,,,,1.0,,,,,,,,,2010,54
1.0,,,,1.0,1.0,,,,,,,,,,2010,56
1.0,,,,1.0,,,,,,,,,,,2010,66
1.0,1.0,,,,,,,,,,,1.0,,,2010,0
,,,,1.0,,,,,,,,,,,2009,65
1.0,,,,1.0,,,,,,,,,,,2009,71
1.0,,,,1.0,,,,,,,,,,,2010,74
1.0,,,,,,,,,,,,,,,2010,69
1.0,1.0,,,,,,,,,,,,,,2017,52
1.0,,,,1.0,,,,,,,,,,,2010,72
1.0,1.0,,,,,,,,,,,,,,2009,78
1.0,,,,,1.0,,,,,,,,,,2009,71
1.0,,1.0,,,,,,,,,,,,,2010,73
1.0,,,,,,,,,,,,,,,2010,65
1.0,1.0,,,,,,,,,,,,,,2010,64
1.0,,,,,,,,,,,,,,,2009,51
1.0,,,,,,,,,,,,,,,2011,46
1.0,,,,,,1.0,,,,,,,,,2010,0
,,1.0,,,,,,,,,,,,,2010,64
1.0,,,,1.0,,,,,,,,,,,2010,65
1.0,,,,,1.0,,,,,,,,,,2011,2
1.0,,,,,,,,,,,,,,,2010,77
1.0,,,,1.0,,1.0,,,,,,,,,2011,73
1.0,,,,,,,,,,,,,,,2010,72
1.0,,,,,,,,,,,,,,,2010,78
1.0,,,,1.0,,,,,1.0,,,,,,2011,71
1.0,,,,,,1.0,,,,,,,,,2011,0
1.0,,,,1.0,,1.0,,,,,,,,,2010,71
1.0,,,,1.0,1.0,,,,,,,,,,2011,79
1.0,,,,1.0,1.0,,,,,,,,,,2010,73
1.0,,,,,,1.0,,,,,,,,,2010,69
1.0,,,,1.0,,,,,,,,,,,2011,68
1.0,,,,1.0,,,,,,,,,,,2010,61
1.0,,,,1.0,1.0,,,,,,,,,,2010,67
1.0,,,,,,1.0,,,,,,,,,2011,42
1.0,,,,1.0,,,,,,,,,,,2010,76
1.0,,,,1.0,,1.0,,,,,,,,,2012,72
1.0,,,,,,1.0,,,,,,,,,2011,51
1.0,,,,1.0,,,,,1.0,,,,,,2011,81
1.0,,,,,,1.0,,,,,,,,,2011,79
1.0,,,,1.0,,,,,,,,,,,2011,75
1.0,,,,,,,,,,,,,,,2012,65
1.0,,,,,,,,,,,,,,,2011,66
1.0,,,,1.0,,,,,,,,,,,2011,81
1.0,,,,,,,,,,,,,,,2010,66
1.0,,,,,,,,,1.0,,,,,,2010,63
1.0,,,,1.0,1.0,,,,,,,,,,2010,72
,,,,,,1.0,,,,,,,,,2011,49
1.0,,,,,,1.0,,,,,,,,,2011,61
1.0,,,,1.0,,1.0,,,,,,,,,2011,67
1.0,,,,,,1.0,,,,,,,,,2011,70
1.0,,,,1.0,,,,,,,,,,,2011,57
1.0,,,,,,1.0,,,,,,,,,2012,55
1.0,,,,1.0,,,,,,,,,,,2010,76
,1.0,,1.0,,,,,,,,,,,,2011,65
1.0,1.0,,1.0,,,1.0,,,,,,,,,2011,76
1.0,,,,,,,,,,,,,,,2011,65
1.0,,,,,,,,,,,,,,,2012,62
1.0,,,,1.0,,,,,,,,,,,2011,63
1.0,1.0,,,,,,,,,,,,,,2011,82
1.0,,,,,,,,,,,,,,,2012,74
1.0,,,,,1.0,,,,,,,,,,2011,2
,,,,1.0,,,,,,,,,,,2011,71
1.0,,,,1.0,,,,,,,,,,,2011,1
1.0,,,,1.0,,,,,,,,,,,2011,70
1.0,,,,1.0,1.0,,,,,,,,,,2011,71
1.0,,,,1.0,,,,,,,,,,,2010,61
1.0,,,,,,1.0,,,,,,,,,2011,77
1.0,,,,,,1.0,,,,,,,,,2010,71
1.0,,,,1.0,1.0,,,,,,,,,,2011,65
1.0,,,,1.0,1.0,,,,,,,,,,2011,75
1.0,,,,,,1.0,,,,,,,,,2011,62
1.0,,,,1.0,,,,,,,,,,,2011,48
1.0,,,,1.0,1.0,,,,,,,,,,2011,69
1.0,,,,,,1.0,,,,,,,,,2011,65
,,,,1.0,,,,,,,,,,,2010,76
1.0,,,,,1.0,,,,,,,,,,2010,78
1.0,,,,1.0,1.0,,,,,,,,,,2010,69
1.0,,,,1.0,1.0,,,,,,,,,,2010,66
1.0,,,,1.0,1.0,,,,,,,,,,2019,53
1.0,,,,,,,,,,,,,,,2011,74
,,,,,,1.0,,,,,,,,,2011,39
,,,,,,1.0,,,,,,,,,2011,60
,,,,1.0,,1.0,,,,,,,,,2011,48
1.0,,,,,,1.0,,,,,,,,,2011,76
,,,,1.0,,,,,,,,,,,2011,59
1.0,,,,,,,,,,,,,,,2011,72
1.0,,,,1.0,,,,,,,,,,,2010,0
,,,,1.0,,,,,,,,,,,2011,61
1.0,,,,1.0,,1.0,,,,,,,,,2012,62
1.0,,,,1.0,,1.0,,,,,,,,,2012,70
1.0,1.0,,,,,,,,,,,,,,2011,82
1.0,,,,1.0,1.0,,,,,,,,,,2011,74
1.0,,,,1.0,,,,,,,,,,,2011,73
,,1.0,,,,,,,,,,,,,2010,53
1.0,,,,1.0,,,,,,,,,,,2011,63
1.0,,,,,,,,,,,,,,,2009,72
1.0,,,,1.0,,,,,,,,,,,2011,68
1.0,,,,,,,,,,,,,,,2010,75
1.0,,,,1.0,,,,,,,,,,,2011,70
1.0,,,,,1.0,,,,,,,,,,2011,64
1.0,,,,1.0,,,,,,,,,,,2011,70
1.0,,,,,1.0,,,,,,,,,,2011,4
,1.0,,,,,,,,,,,,,,2011,65
1.0,,,,,1.0,,,,,,,,,,2010,67
1.0,,,,,,,,,,,,,,,2010,60
,,1.0,,,,,,,,,,,,,2011,50
1.0,,,,,,,,,,,,,,,2011,67
1.0,,1.0,,,,,,,,,,,,,2011,63
1.0,1.0,,,1.0,,,,,,,,,,,2011,73
1.0,1.0,,,,,,1.0,,,,,,,,2011,79
1.0,1.0,,,,,,,,,,,,,,2011,69
1.0,,,,,1.0,,,,,,,,,,2011,69
1.0,,,,,,,,,,,,,,,2010,76
1.0,,,,,,,,,,,,,,,2011,72
1.0,,,,,,,,,,,,,,,2010,75
,,1.0,,,,,,,,,,,,,2010,64
1.0,,,,1.0,,,,,,,,,,,2011,0
1.0,,,,,,,,,,,,,,,2011,60
1.0,,,,,,,,,,,,,,,2011,70
1.0,,,,1.0,1.0,,,,,,,,,,2011,75
1.0,,,,,,1.0,,,,,,,,,2012,78
1.0,1.0,,,,,,,,,,,,,,2012,76
1.0,,,,1.0,,,,,,,,,,,2012,70
1.0,,,,1.0,,,,,1.0,,,,,,2011,74
1.0,,,,,,1.0,,,,,,,,,2012,52
1.0,,,,,1.0,,,,,,,,,,2012,74
1.0,,,,1.0,,1.0,,,,,,,,,2012,65
1.0,,,,1.0,1.0,,,,,,,,,,2011,71
,,,,1.0,,,,,,,,,,,2011,82
1.0,,,,,,,,,,,,,,,2012,74
1.0,,,,1.0,,1.0,,,,,,,,,2011,70
1.0,,,,,,1.0,,,,,,,,,2012,69
1.0,,,,1.0,,,,,,,,,,,2012,77
1.0,,,,1.0,,,,,,,,,,,2013,62
1.0,,,,1.0,,1.0,,,,,,,,,2012,66
1.0,,,,1.0,,,,,,,,,,,2012,64
,,,,1.0,,,,,,,,,,,2012,63
1.0,,,,,,1.0,,,,,,,,,2012,78
,,,,1.0,,,,,,,,,,,2012,73
1.0,,,,,,1.0,,,,,,,,,2012,58
1.0,,,,1.0,,1.0,,,,,,,,,2011,67
1.0,,,,,,,,,,,,,,,2012,72
1.0,,,,,,1.0,,,,,,,,,2012,78
1.0,,,,1.0,1.0,,,,,,,,,,2012,66
1.0,,,,,,1.0,,,,,,,,,2012,0
,1.0,,1.0,,,,,,,,,,,,2012,73
1.0,,,,,,,,,,,,,,,2012,85
1.0,,,,,,1.0,,,,,,,,,2011,77
1.0,,,,1.0,,,,,,,,,,,2012,76
1.0,,,,1.0,1.0,,,,,,,,,,2012,75
1.0,,,,1.0,,,,,,,,,,,2012,62
1.0,,,,,,,,,,,,,,,2012,73
1.0,,,,1.0,,,,,,,,,,,2012,75
,,,,1.0,,,,,,,,,,,2012,67
1.0,,,,,,,,,,,,,,,2012,0
1.0,1.0,,,,,1.0,,,,,,,,,2011,68
1.0,,,,1.0,1.0,,,,,,,,,,2014,0
1.0,,,,,,,,,,,,,,,2012,82
1.0,,,,,,,,,,,,,,,2013,75
,,1.0,,,,,,,1.0,,,,,,2012,0
1.0,,,,,,1.0,,,,,,,,,2012,0
1.0,,,,,,1.0,,,,,,,,,2012,51
1.0,,,,1.0,,,,,,,,,,,2012,61
1.0,,,,1.0,,1.0,,,,,,,,,2012,79
1.0,,,,1.0,1.0,,,,,,,,,,2012,0
1.0,1.0,,,,,1.0,,,,,,,,,2012,0
1.0,,,,,1.0,,,,,,,,,,2011,0
1.0,1.0,,,,,,,,,,,,,,2011,82
1.0,,,,1.0,1.0,,,,,,,,,,2012,64
1.0,,,,1.0,1.0,,,,,,,,,,2012,64
1.0,,,,1.0,,1.0,,,,,,,,,2012,66
1.0,1.0,,,,,,,,,,,,,,2012,78
1.0,,,,,,1.0,,,,,,,,,2012,76
1.0,,,,,,1.0,,,,,,,,,2012,50
1.0,,,,,,,,,,,,,,,2012,63
1.0,,,,1.0,,1.0,,,,,,,,,2012,79
1.0,,,,1.0,,,,,,,,,,,2011,74
1.0,,,,,,,,,,,,,,,2012,59
1.0,,,,1.0,,,,,,,,,,,2012,61
1.0,,,,,,,,,,,,,,,2012,76
1.0,1.0,,,,,,,,,,,,,,2012,68
1.0,,,,1.0,,,,,,,,,,,2011,77
1.0,,,,,,,,,,,,,,,2012,67
1.0,,,,1.0,,1.0,,,,,,,,,2012,46
,1.0,,,,,,,,,,,,,,2011,60
1.0,,,,1.0,,,,,,,,,,,2012,58
1.0,,,,,,1.0,,,,,,,,,2012,0
1.0,,,,,,,,,,,,,,,2012,0
1.0,,,,,,,,,,,,,,,2012,72
1.0,,,,,,1.0,,,,,,,,,2012,53
,,,,,,,,,,,1.0,,,,2011,57
1.0,,,,1.0,,,,,,,,,,,2012,77
1.0,,,,,,,,,,,,,,,2012,82
1.0,,,,,,,,,,,,,,,2012,53
1.0,,,,,,1.0,,,,,,,,,2012,0
1.0,1.0,,,,,,,,,,,,,,2012,77
1.0,,,,1.0,,1.0,,,,,,,,,2012,62
1.0,,,,,1.0,,,,,,,,,,2012,65
1.0,1.0,,,,,1.0,,,,,,,,,2010,63
1.0,,,,,,,,,,,,,,,2012,77
1.0,,,,,,1.0,,,,,,,,,2013,74
1.0,1.0,,,,,,,,,,,,,,2011,66
1.0,,,,,,,,,,,,,,,2012,0
1.0,,,,1.0,,,,,,,,,,,2011,61
1.0,,1.0,,,,,,,,,,,,,2012,63
,1.0,,,,,,,,,,,,,,2012,71
1.0,,,,1.0,1.0,,,,,,,,,,2012,62
1.0,,,,,1.0,,,,,,,,,,2011,74
1.0,,,,1.0,1.0,,,,,,,,,,2011,74
1.0,,,,,,,,,,,,,,,2012,65
1.0,,,,1.0,,1.0,,,,,,,,,2012,48
1.0,,,,,,1.0,,,,,,,,,2013,64
1.0,,,,,,,,,,,,,,,2012,66
1.0,,,,,1.0,,,,,,,,,,2012,69
1.0,,,,,,,,,,,,,,,2011,71
1.0,,,,1.0,1.0,,,,,,,,,,2011,75
1.0,,,,,,,,,,,,,,,2012,0
1.0,,,,,,,,,,,,,,,2011,74
1.0,,,,,,1.0,,,,,,,,,2011,67
1.0,,,,,,1.0,,,,,,,,,2013,77
1.0,,,,,1.0,,,,,,,,,,2013,55
,1.0,,,,,,,,,,,,,,2012,77
1.0,,,,,,1.0,,,,,,,,,2013,6
1.0,,,,,,,,,,,,,,,2012,85
1.0,,,,1.0,,,,,,,,,,,2012,1
,,,,1.0,,1.0,,,,,,,,,2013,83
1.0,,,,1.0,,,,,,,,,,,2013,78
1.0,,,,,,,,,,,,,,,2013,0
1.0,,,,,,1.0,,,,,,,,,2013,1
,,,,,,1.0,,,,,,,,,2013,58
1.0,,,,,,,,,,,,,,,2013,88
1.0,,,,1.0,,,,,,,,,,,2013,69
1.0,,,,1.0,,1.0,,,,,,,,,2012,69
1.0,,,,1.0,,,,,1.0,,,,,,2012,77
1.0,,,,1.0,,,,,,,,,,,2013,68
1.0,,,,1.0,,,,,,,,,,,2013,68
1.0,,,,1.0,,,,,,,,,,,2012,81
1.0,,,,,,1.0,,,,,,,,,2013,0
1.0,,,,1.0,,,,,,,,,,,2013,56
,,,,,,,,,,,1.0,,,,2013,74
1.0,,,,,,,,,,,,,,,2013,0
1.0,1.0,,,,,,,,,,,,,,2013,89
1.0,,,,,,1.0,,,,,,,,,2013,68
1.0,,,,,,,,,,,,,,,2013,0
1.0,,,,,,,,,,,,,,,2013,79
,1.0,,,,,,,,,,,,,,2013,84
1.0,,,,,,,,,,,,,,,2012,73
,,,,1.0,,,,,,,,,,,2013,75
1.0,,,,1.0,,,,,1.0,,,,,,2012,64
1.0,,,,,,,,,,,,,,,2013,69
1.0,,,,,,,,,,,,,,,2012,71
1.0,,,,,,1.0,,,,,,,,,2013,54
1.0,,,,1.0,,,,,,,,,,,2012,60
,,,,1.0,,,,,,,,,,,2013,0
1.0,,,,,,,,,,,,,,,2013,72
,,,,1.0,,,,,,,,,,,2013,66
1.0,,,,,,1.0,,,,,,,,,2013,68
,1.0,,,,,,,,,,,,,,2013,71
1.0,,,,,,1.0,,,,,,,,,2013,0
1.0,,,,,,1.0,,,,,,,,,2012,68
,1.0,,,,,,,,,,,,,,2012,81
1.0,,,,,,,,,,,,,,,2013,66
1.0,,,,,,,,,,,,,,,2012,76
,1.0,,,,,,,,,,,,,,2013,84
1.0,,,,,,1.0,,,,,,,,,2013,66
1.0,,,,,,1.0,,,,,,,,,2014,68
1.0,,,,1.0,,1.0,,,,,,,,,2012,61
,,,,1.0,,,,,,,,,,,2013,76
1.0,,,,,,,,,,,,,,,2012,76
,,,,1.0,,,,,,,,,,,2013,63
1.0,1.0,,,,,1.0,,,,,,,,,2014,70
,,,,,,1.0,,,,,,,,,2013,57
1.0,,,,1.0,,1.0,,,,,,,,,2012,70
1.0,,,,,,,,,,,,,,,2013,60
1.0,1.0,,,,,,,,,,,,,,2011,2
1.0,,,,,,1.0,,,,,,,,,2013,27
1.0,,,,1.0,,,,,,,,,,,2013,50
,,,,,,1.0,,,,,,,,,2014,0
1.0,,,,1.0,,1.0,,,,,,,,,2012,71
1.0,,,,,,,,,,,,,,,2013,0
1.0,,,,1.0,1.0,,,,,,,,,,2013,61
1.0,,,,,1.0,,,,,,,,,,2013,64
1.0,,,,1.0,1.0,,,,,,,,,,2013,65
1.0,,,,,,,,,,,,,,,2013,48
1.0,1.0,,,,,,,,,,,,,,2013,61
1.0,,,,,,1.0,,,,,,,,,2012,59
1.0,,,,,,,,,,,,,,,2013,73
,,1.0,,,,,,,,,,,,,2013,56
1.0,,,,1.0,,1.0,,,,,,,,,2012,65
,,,,1.0,,,,,,,,,,,2013,62
1.0,,,,,,,,,,,,,,,2012,72
1.0,,,,,,1.0,,,,,,,,,2013,61
1.0,1.0,,,,,,,,,,,,,,2013,74
1.0,,,,,,,,,,,,,,,2013,76
1.0,,,,1.0,1.0,,,,,,,,,,2013,57
1.0,,,,1.0,,1.0,,,,,,,,,2012,0
1.0,,,,,,,,,,,,,,,2013,77
1.0,,,,1.0,1.0,,,,,,,,,,2013,0
,,,,1.0,,1.0,,,,,,,,,2013,69
1.0,,,,,,1.0,,,,,,,,,2013,66
1.0,,,,,,,,,,,,,,,2013,78
1.0,,,,,,,,,,,,,,,2012,78
1.0,1.0,,,,,,1.0,,,,,,,,2012,79
1.0,,,,,,,,,,,,,,,2013,78
,,,,1.0,,,,,,,,,,,2013,0
1.0,1.0,,,,,,,,,,,,,,2013,79
1.0,,,,,,,,,,,,,,,2013,59
1.0,,,,1.0,1.0,,,,,,,,,,2013,72
1.0,,,,,,,,,,,,,,,2013,0
1.0,,,,,,,,,,,,,,,2012,66
,,,,1.0,,,,,,,,,,,2013,0
1.0,,,,,,,,,,,,,,,2013,0
1.0,,,,,,,,,,,,,,,2012,68
1.0,,,,,,,,,,,,,,,2012,73
1.0,,,,,,,,,,,,,,,2013,65
1.0,,,,1.0,1.0,,,,,,,,,,2012,76
1.0,,,,,,,,,,,,,,,2013,67
1.0,,,,,,,,,,,,,,,2012,83
,,1.0,,,,,,,,,,,,,2012,57
1.0,,,,1.0,,,,,,,,,,,2014,79
1.0,,,,,,,,,,,,,,,2013,74
1.0,,,,1.0,,,,,,,,,,,2014,0
1.0,,,,1.0,,,,,,,,,,,2014,69
1.0,,,,,,,,,,,,,,,2014,79
1.0,,,,,,,,,,,,,,,2014,80
,,,,,,,,,,,1.0,,,,2014,80
1.0,,,,,,,,,,,,,,,2014,78
1.0,,,,,1.0,,,,,,,,,,2013,84
,,,,,,1.0,,,,,,,,,2014,49
1.0,,,,,,,,,,,,,,,2015,72
1.0,,,,1.0,,1.0,,,,,,,,,2014,50
1.0,,,,1.0,,,,,,,,,,,2014,67
1.0,,,,,,1.0,,,,,,,,,2014,74
1.0,,,,,,1.0,,,,,,,,,2014,67
1.0,,,,1.0,,1.0,,,,,,,,,2014,69
1.0,,,,1.0,,,,,,,,,,,2013,56
1.0,,,,,,,,,,,,,,,2014,0
1.0,,,,1.0,,1.0,,,,,,,,,2014,45
1.0,,,,1.0,1.0,1.0,,,,,,,,,2014,71
1.0,,,,,,1.0,,,,,,,,,2014,72
1.0,,,,,,,,,,,,,,,2014,54
1.0,,,,1.0,1.0,,,,,,,,,,2015,62
1.0,,,,1.0,,1.0,,,,,,,,,2014,72
1.0,,,,1.0,,,,,,,,,,,2014,61
1.0,,,,1.0,,,,,,,,,,,2013,66
1.0,1.0,,,,,,,,,,,,,,2014,66
1.0,,,,1.0,1.0,,,,,,,,,,2015,74
1.0,,,,1.0,,,,,,,,,,,2014,66
1.0,,,,1.0,,1.0,,,,,,,,,2014,75
1.0,,,,1.0,,1.0,,,,,,,,,2013,70
1.0,,,,1.0,,,,,1.0,,,,,,2012,80
1.0,,,,,,,,,,,,,,,2014,62
1.0,,,,1.0,,,,,,,,,,,2014,73
1.0,,,,1.0,,1.0,,,,,,,,,2014,21
1.0,,,,1.0,,,,,,,,,,,2014,0
1.0,,,,1.0,,,,,,,,,,,2014,76
1.0,,,,,,,,,1.0,,,,,,2014,78
1.0,,,,,,1.0,,,,,,,,,2014,62
1.0,,,,,,1.0,,,,,,,,,2014,0
1.0,,,,,,1.0,,,,,,,,,2013,76
1.0,,,,,,,,,,,,,,,2014,77
1.0,,,,,,1.0,,,,,,,,,2013,50
,,,,1.0,,1.0,,,,,,,,,2014,2
1.0,,,,,1.0,1.0,,,,,,,,,2014,80
1.0,,,,,,1.0,,,,,,,,,2014,64
1.0,1.0,,,,,1.0,,,,,,,,,2014,70
1.0,,,,,,,,,,,,,,,2014,0
1.0,,,,1.0,,,,,,,,,,,2014,68
1.0,,,,,,1.0,,,,,,,,,2014,66
1.0,,,,1.0,1.0,,,,,,,,,,2014,72
1.0,,,,,,,,,,,,,,,2014,59
1.0,,,,,,1.0,,,,,,,,,2014,0
,,,,,,1.0,,,,,,,,,2014,48
,,,,,,,,,,,1.0,,,,2014,73
1.0,,,,,,,,,,,,,,,2014,72
1.0,,,,,,,,,,,,,,,2014,74
1.0,,,,,,,,,1.0,,,,,,2014,66
1.0,,,,,,1.0,,,,,,,,,2013,2
1.0,,,,1.0,,,,,,,,,,,2014,77
1.0,,,,,,1.0,,,,,,,,,2014,67
1.0,,,,,,1.0,,,,,,,,,2014,61
1.0,,,,,,,,,,,,,,,2014,61
1.0,,,,1.0,,,,,,,,,,,2012,82
1.0,,,,,,1.0,,,,,,,,,2013,74
1.0,,,,,,,,,,,,,,,2014,73
1.0,,,,,,1.0,,,,,,,,,2014,49
1.0,,,,,,,,,,,,,,,2014,79
1.0,,,,,,1.0,,,,,,,,,2013,0
1.0,,,,,,,,,,,,,,,2014,58
1.0,,,,1.0,,1.0,,,,,,,,,2014,65
1.0,,,,,,,,,,,,,,,2014,74
1.0,1.0,,,,,,,,,,,,,,2014,74
1.0,,,,,,,,,,,,,,,2014,79
1.0,,,,,,,,,,,,,,,2014,83
1.0,,,,,,,,,,,,,,,2014,69
1.0,,,,,,1.0,,,,,,,,,2014,52
1.0,,,,,,1.0,,,,,,,,,2014,0
1.0,,,,,,,,,,,,,,,2014,64
1.0,1.0,,,,,,,,,,,,,,2014,80
1.0,,,,,,1.0,,,,,,,,,2014,72
1.0,,,,1.0,,1.0,,,,,,,,,2014,63
1.0,,,,,,,,,,,,,,,2014,70
1.0,,,,,,,,,,,,,,,2013,81
1.0,,,,,,,,,,,,,,,2014,75
1.0,,,,1.0,1.0,,,,,,,,,,2014,55
1.0,,,,,,,,,,,,,,,2013,71
,,,,,,,,,,,1.0,,,,2014,66
1.0,1.0,,,,,,,,,,,,,,2014,80
1.0,,,,,1.0,,,,,,,,,,2014,70
1.0,,,,,,,,,,,,,,,2014,0
1.0,,,,,,1.0,,,,,,,,,2014,63
1.0,,,,,,,,,,,,,,,2013,71
1.0,,,,1.0,1.0,,,,,,,,,,2014,67
1.0,1.0,,,,,1.0,,,,,,,,,2014,0
1.0,,,,,,1.0,,,,,,,,,2014,0
1.0,,,,,,,,,,,,,,,2014,62
1.0,,,,1.0,,,,,,,,,,,2013,53
1.0,,,,1.0,,,,,,,,,,,2014,53
1.0,,,,,,,,,,,,,,,2014,0
1.0,,,,,,,,,,,,,,,2015,82
1.0,,,,,,,,,,,,,,,2014,81
1.0,,,,1.0,,,,,,,,,,,2015,81
1.0,,,,,,,,,,,,,,,2015,77
1.0,,,,1.0,,1.0,,,,,,,,,2015,73
1.0,,,,,1.0,,,,,,,,,,2014,76
1.0,1.0,,,,,1.0,,,,,,,,,2015,78
1.0,,,,1.0,,1.0,,,,,,,,,2014,78
1.0,,,,1.0,,1.0,,,,,,,,,2014,75
1.0,,,,,,,,,,,,,,,2015,0
1.0,,,,,,,,,,,,,,,2014,82
1.0,,,,,1.0,,,,,,,,,,2015,84
1.0,1.0,,,,,,,,,,,,,,2015,85
1.0,,,,,,1.0,,,,,,,,,2015,66
1.0,,,,,,1.0,,,,,,,,,2014,85
1.0,,,,1.0,,1.0,,,,,,,,,2014,69
1.0,,,,,,,,,,,,,,,2015,46
1.0,,,,1.0,,,,,,,,,,,2015,71
1.0,,,,,,,,,,,,,,,2015,70
1.0,,,,1.0,,,,,,,,,,,2015,49
1.0,,,,,,1.0,,,,,,,,,2015,76
1.0,,,,1.0,,1.0,,,,,,,,,2015,76
1.0,,,,,,1.0,,,,,,,,,2014,65
1.0,,,,1.0,1.0,,,,,,,,,,2015,62
,1.0,,,,,,,,,,,,,,2015,80
,,,,1.0,,,,,,,,,,,2016,76
1.0,,,,,,1.0,,,,,,,,,2014,33
,1.0,,,,,,,,,,,,,,2015,83
1.0,,,,,,,,,,,,,,,2015,73
,1.0,,,,,,,,,,,,,1.0,2015,63
1.0,,,,,,,,,,,,,,,2014,79
1.0,,,,1.0,,1.0,,,,,,,,,2015,49
1.0,,,,,,1.0,,,,,,,,,2015,48
1.0,,,,,,1.0,,,,,,,,,2015,79
1.0,,,,1.0,,1.0,,,,,,,,,2018,72
1.0,,,,,,,,,,,,,,,2014,78
1.0,,,,,1.0,,,,,,,,,,2015,0
1.0,,,,1.0,,,,,1.0,,,,,,2014,80
1.0,,,,,,1.0,,,,,,,,,2015,74
1.0,,,,1.0,1.0,,,,,,,,,,2015,73
1.0,,,,,,1.0,,,,,,,,,2015,0
1.0,,,,,,,,,,,,,,,2015,79
,,,,1.0,,1.0,,,,,,,,,2015,73
1.0,,,,,,1.0,,,,,,,,,2015,0
1.0,,,,,,,,,,,,,,,2015,64
1.0,,,,,,,,,,,,,,,2017,59
1.0,,,,,,,,,,,,,,,2015,69
1.0,,,,,1.0,,,,,,,,,,2015,72
1.0,,,,1.0,,,,,,,,,,,2015,76
,,,,1.0,,,,,,,,,,,2015,0
1.0,,,,1.0,1.0,,,,,,,,,,2015,71
1.0,1.0,,,,,,1.0,,,,,,,,2016,71
1.0,,,,1.0,,,,,,,,,,,2015,68
1.0,,,,,,1.0,,,,,,,,,2014,66
1.0,,,,,1.0,,,,,,,,,,2014,69
1.0,,,,,,,,,,,,,,,2015,67
1.0,,,,,,1.0,,,,,,,,,2017,73
1.0,,,,1.0,1.0,,,,,,,,,,2015,77
1.0,,,,1.0,1.0,,,,,,,,,,2016,77
1.0,,,,,,,,,,,,,,,2015,64
1.0,,,,,,,,,,,,,,,2015,68
1.0,,,,1.0,,,,,,,,,,,2015,74
1.0,,,,,,,,,,,,,,,2014,74
1.0,,,,,1.0,,,,,,,,,,2015,79
1.0,,,,,1.0,,,,,,,,,,2015,55
1.0,1.0,,,1.0,,,,,,,,,,,2015,75
1.0,,,,,,,,,,,,,,,2015,77
1.0,,,,,,1.0,,,,,,,,,2016,74
,,,1.0,,,,,,,,,,,,2015,83
1.0,,,,,,,,,,,,,,,2015,0
1.0,,,,1.0,,,,,,,,,,,2015,55
1.0,,,,,,,1.0,,,,,,,,2014,81
1.0,,,,,,,,,,,,,,,2014,77
1.0,,,,,1.0,,,,,,,,,,2015,0
1.0,,,,,,,,,,,,,,,2015,66
1.0,,,,1.0,,1.0,,,,,,,,,2015,47
1.0,,,,1.0,,,,,,,,,,,2015,68
1.0,,,,1.0,,,,,,,,,,,2015,75
1.0,,,,,,1.0,,,,,,,,,2016,76
1.0,,,,1.0,1.0,,,,,,,,,,2015,0
,,,,,,1.0,,,,,,,,,2015,71
1.0,,,,,,,,,,,,,,,2015,78
1.0,,,,1.0,,,,,,,,,,,2015,67
1.0,,,,,,,,,,,,,,,2014,64
1.0,,,,,,1.0,,,,,,,,,2015,74
1.0,1.0,,,,,1.0,,,,,,,,,2015,0
1.0,,,,1.0,1.0,,,,,,,,,,2015,78
1.0,,,,1.0,,,,,,,,,,,2015,1
,,,,,1.0,,,,,,,,,,2015,71
1.0,,,,1.0,,1.0,,,,,,,,,2015,0
1.0,,,,,,1.0,,,,,,,,,2015,67
1.0,1.0,,,,,,,,,,,,,,2015,0
1.0,,,,,,1.0,,,,,,,,,2018,66
1.0,,,,,,,,,,,,,,,2015,80
1.0,,,,,,,,,,,,,,,2014,79
1.0,,,,,,,,,,,,,,,2015,1
1.0,,,,,,,,,,,,,,,2015,77
1.0,,,,,,1.0,,,,,,,,,2015,55
1.0,,,,,,,,,,,,,,,2015,70
,,,,,,,,,1.0,,,,,,2017,51
1.0,,,,,1.0,,,,,,,,,,2016,0
1.0,,,,1.0,1.0,,,,,,,,,,2016,84
1.0,,,,,,,,,,,,,,,2015,0
1.0,,,,,,1.0,,,,,,,,,2016,83
1.0,,,,,1.0,,,,,,,,,,2015,1
1.0,,,,1.0,,,,,,,,,,,2016,70
,,,,,,1.0,,,,,,,,,2016,72
1.0,,,,,,,,,,,,,,,2016,67
1.0,,,,,,,,,,,,,,,2016,70
1.0,,,,1.0,1.0,,,,,,,,,,2016,75
1.0,1.0,,,,,,,,,,,,,,2015,82
1.0,,,,,,,,,,,,,,,2015,80
1.0,,,,,,,,,,,,,,,2016,76
1.0,,,,,1.0,1.0,,,,,,,,,2015,86
1.0,,,,1.0,,,,,,,,,,,2016,67
1.0,,,,1.0,,,,,,,,,,,2015,77
1.0,,,,1.0,,1.0,,,,,,,,,2016,68
1.0,1.0,,,,,1.0,,,,,,,,,2016,0
1.0,,,,1.0,,,,,,,,,,,2016,75
,1.0,,,,,,,,,,,,,,2016,80
1.0,,,,1.0,,,,,,,,,,,2016,74
1.0,,,,,,1.0,,,,,,,,,2016,67
1.0,,,,,,1.0,,,,,,,,,2016,79
1.0,,,,1.0,,1.0,,,,,,,,,2016,62
1.0,,,,,,1.0,,,,,,,,,2016,51
1.0,,,,1.0,,,,,,,,,,,2016,70
1.0,,,,,,1.0,,,,,,,,,2016,0
1.0,,,,,,,,,,,,,,,2017,69
1.0,,,,,,,,,,,,,,,2017,65
1.0,,,,,,1.0,,,,,,,,,2016,76
,,,,,,1.0,,,,,,,,,2018,78
1.0,,,,,,1.0,,,,,,,,,2016,0
1.0,,,,1.0,,1.0,,,,,,,,,2016,81
1.0,,,,1.0,,1.0,,,,,,,,,2016,79
1.0,,,,1.0,,1.0,,,,,,,,,2016,77
1.0,,,,1.0,,,,,,,,,,,2016,69
1.0,,,,1.0,1.0,,,,,,,,,,2016,80
1.0,,,,,,,,,,,,,,,2016,0
1.0,,,,,,1.0,,,,,,,,,2016,71
1.0,,,,,,,,,,,,,,,2015,73
1.0,,,,,,,,,,,,,,,2015,69
1.0,,,,1.0,,1.0,,,,,,,,,2016,74
1.0,1.0,,,,,,,,,,,,,,2016,64
,1.0,,,,,,,,,,,,,,2015,80
1.0,,,,1.0,,,,,,,,,,,2015,76
1.0,,,,,,,,,,,,,,,2016,0
1.0,,,,,,1.0,,,,,,,,,2016,57
1.0,,,,,,,,,,,,,,,2016,79
1.0,,,,,,1.0,,,,,,,,,2016,0
1.0,,,,,,,,,1.0,,,,,,2016,68
,,,,,,1.0,,,,,,,,,2015,45
1.0,,,,,,1.0,,,,,,,,,2016,70
1.0,,,,1.0,1.0,,,,,,,,,,2016,0
1.0,,,,,,,,,,,,,,,2016,3
1.0,,,,,,,,,,,,,,,2017,82
1.0,,,,1.0,1.0,,,,,,,,,,2016,73
1.0,1.0,,,,,,,,,,,,,,2015,76
1.0,,,,,,1.0,,,,,,,,,2016,0
1.0,,,,,1.0,,,,,,,,,,2016,69
1.0,1.0,,,1.0,,,,,,,,,,,2015,75
1.0,,,,,,,,,,,,,,,2016,79
,,,,,,1.0,,,,,,,,,2016,55
1.0,,,,1.0,,1.0,,,,,,,,,2016,51
1.0,1.0,,,,,1.0,,,,,,,,,2015,55
1.0,,,,,,1.0,,,,,,,,,2016,0
1.0,,,,,,,,,,,,,,,2016,75
1.0,,,,1.0,1.0,,,,,,,,,,2016,63
1.0,,,,,,1.0,,,,,,,,,2016,59
1.0,,,,,1.0,,,,,,,,,,2016,66
1.0,,,,1.0,,1.0,,,,,,,,,2016,0
1.0,,,,,,1.0,,,,,,,,,2015,46
1.0,,,,1.0,1.0,,,,,,,,,,2015,72
1.0,,,,,,,,,,,,,,,2016,62
1.0,,,,,,,,,,,,,,,2016,69
1.0,,,,,,1.0,,,,,,,,,2016,0
1.0,,,,1.0,,1.0,,,,,,,,,2016,0
1.0,,,,,,1.0,,,,,,,,,2015,73
1.0,,,,1.0,1.0,,,,,,,,,,2016,0
1.0,,,,,,,,,,,,,,,2016,68
1.0,,,,1.0,1.0,,,,,,,,,,2015,78
1.0,,,,1.0,,1.0,,,,,,,,,2016,63
1.0,,,,,,1.0,,,,,,,,,2016,60
1.0,,,,,,1.0,,,,,,,,,2015,1
,,,,,,1.0,,,,,,,,,2016,0
1.0,1.0,,,,,,,,,,,,,,2016,65
1.0,,,,,,,,,,,,,,,2016,68
1.0,,,,1.0,1.0,,,,,,,,,,2016,62
1.0,,,,1.0,,,,,,,,,,,2016,77
1.0,,,,1.0,,,,,,,,,,,2016,63
1.0,,,,,,,,,,,,,,,2016,62
1.0,1.0,,,,,1.0,,,,,,,,,2016,1
,,,,1.0,,,,,,,,,,,2016,63
,,,,,,1.0,,,,,,,,,2016,53
1.0,,,,1.0,1.0,,,,,,,,,,2015,76
1.0,,,,,,1.0,,,,,,,,,2016,66
1.0,,,,,1.0,,,,,,,,,,2016,67
1.0,,,,,,,,,,,,,,,2017,1
1.0,,,,,,,1.0,,,,,,,,2016,0
1.0,,,,1.0,1.0,,,,,,,,,,2016,79
1.0,,,,1.0,1.0,,,,,,,,,,2016,74
1.0,,,,,,,,,,,,,,,2017,84
1.0,,,,1.0,,,,,,,,,,,2018,84
1.0,,,,,,,,,1.0,,,,,,2017,0
1.0,,,,,,,,,,,,,,,2017,79
1.0,,,,,,1.0,,,,,,,,,2016,75
1.0,,,,,,,,,,,,,,,2017,1
,1.0,,,,,,,,,,,,,,2017,1
1.0,,,,,,,,,,,,,,,2018,68
1.0,,,,,,1.0,,,,,,,,,2017,83
1.0,,,,,,,,,,,,,,,2017,85
,1.0,,,,,,,,,,,,,,2018,81
,,,,1.0,,1.0,,,,,,,,,2016,83
1.0,,,,,,1.0,,,,,,,,,2017,84
1.0,,,,1.0,,,,,,,,,,,2017,79
1.0,,,,1.0,,,,,,,,,,,2017,0
1.0,,,,,,,,,,,,,,,2017,0
1.0,,,,1.0,,,,,,,,,,,2016,75
,,,,1.0,,,,,,,,,,,2017,77
1.0,,,,1.0,,,,,,,,,,,2017,74
1.0,,,,1.0,,,,,,,,,,,2017,82
,,,,1.0,,,,,,,,,,,2017,74
1.0,,,,,,1.0,,,,,,,,,2017,0
1.0,,,,,,1.0,,,,,,,,,2017,77
,,,,,,,,,1.0,,,,,,2017,53
1.0,,,,1.0,,1.0,,,,,,,,,2016,1
1.0,,,,1.0,,,,,,,,,,,2016,75
1.0,,,,,,1.0,,,,,,,,,2017,67
,,,,1.0,,1.0,,,,,,,,,2017,0
1.0,,,,1.0,,,,,,,,,,,2017,69
,,,,1.0,,,,,,,,,,,2017,81
,1.0,,,,,,,,,,,,,,2017,80
,,,,1.0,,,,,,,,,,,2016,76
1.0,,,,1.0,,,,,,,,,,,2017,75
1.0,,,,1.0,,,,,,,,,,,2017,0
,,,,1.0,,,,,,,,,,,2017,77
1.0,,,,,,,1.0,,,,,,,,2017,80
1.0,,,,1.0,,1.0,,,,,,,,,2017,58
,1.0,,,,,,,,,,,,,,2017,1
1.0,,,,,,,,,1.0,,,,,,2017,74
,,,,1.0,,,,,,,,,,,2017,0
1.0,,,,,,,,,,,,,,,2017,69
1.0,,,,,,,,,,,,,,,2017,0
1.0,,,,,,1.0,,,,,,,,,2017,62
1.0,,,,,,1.0,,,,,,,,,2017,57
,,,,,1.0,,,,,,,,,,2017,76
1.0,,,,1.0,,1.0,,,,,,,,,2017,4
,,,,1.0,,,,,,,,,,,2017,64
1.0,,,,,,,,,,,,,,,2017,76
1.0,,,,,,,,,1.0,,,,,,2017,70
,,,,1.0,,,,,,,,,,,2017,51
,,,,1.0,,,,,,,,,,,2017,0
,,,,1.0,,,,,,,,,,,2017,0
,,,,1.0,,,,,,,,,,,2017,83
1.0,,,,1.0,,,,,,,,,,,2017,72
1.0,,,,1.0,,,,,,,,,,,2017,67
1.0,,,,,,1.0,,,,,,,,,2017,77
1.0,,,,,,1.0,,,,,,,,,2017,51
1.0,,,,,,1.0,,,,,,,,,2016,0
1.0,,,,,,,,,,,,,,,2017,73
1.0,,,,1.0,,1.0,,,,,,,,,2017,67
1.0,,,,1.0,,,,,,,,,,,2017,68
1.0,,,,,,,,,,,,,,,2017,0
1.0,,,,1.0,,,,,,,,,,,2017,63
1.0,,,,,,,,,,,,,,,2017,73
1.0,,,,,,,,,,,,,,,2017,61
1.0,,,,1.0,,,,,,,,,,,2017,59
,,,,,1.0,,,,,,,,,,2017,67
1.0,,,,,,1.0,,,,,,,,,2017,57
1.0,,,,1.0,,,,,,,,,,,2017,72
,,,,1.0,,,,,,,,,,,2016,81
1.0,,,,,,1.0,,,,,,,,,2017,77
1.0,,,,,,1.0,,,,,,,,,2017,0
1.0,,,,,,,,,,,,,,,2017,69
,,,,,,,,,,,1.0,,,,2016,57
1.0,,,,1.0,,1.0,,,,,,,,,2017,79
1.0,,,,1.0,,,,,,,,,,,2017,64
1.0,,,,,,,,,,,,,,,2017,64
1.0,1.0,,,,,,,,,,,,,,2017,61
1.0,,,,1.0,,,,,,,,,,,2017,74
1.0,,,,,,1.0,,,,,,,,,2019,47
1.0,,,,,,,,,,,,,,,2017,1
1.0,,,,1.0,1.0,,,,,,,,,,2017,0
1.0,,,,,,,,,,,,,,,2017,0
1.0,,,,,,1.0,,,,,,,,,2016,0
1.0,,,,,1.0,,,,,,,,,,2016,76
1.0,,,,1.0,,,,,,,,,,,2017,71
1.0,,,,,,1.0,,,,,,,,,2016,48
,1.0,,,,,,,,,,,,,,2017,0
1.0,,,,,,,,,,,,,,,2017,0
1.0,,,,,,,,,1.0,,,,,,2017,0
1.0,,,,,,,,,,,,,,,2017,61
1.0,,,,,1.0,,,,,,,,,,2016,78
1.0,,,,,,1.0,,,,,,,,,2017,73
1.0,,,,1.0,,,,,,,,,,,2017,71
1.0,,,,,,,,,,,,,,,2017,0
1.0,,,,,,1.0,,,,,,,,,2017,53
1.0,,,,,,1.0,,,,,,,,,2017,68
1.0,,,,,,,,,,,,,,,2016,78
1.0,,,,,,1.0,,,,,,,,,2017,8
1.0,,,,,,1.0,,,,,,,,,2017,75
1.0,,,,1.0,1.0,,,,,,,,,,2018,81
,,,,1.0,,,,,,,,,,,2018,83
1.0,,,,1.0,,,,,,,,,,,2017,80
1.0,,,,1.0,,,,,,,,,,,2017,75
1.0,,,,,,1.0,,,,,,,,,2018,78
,,,,1.0,,,,,,,,,,,2018,84
1.0,,,,1.0,,1.0,,,,,,,,,2018,80
1.0,,,,,,1.0,,,,,,,,,2018,78
1.0,,,,1.0,,,,,,,,,,,2018,79
,,,,1.0,,,,,,,,,,,2018,82
1.0,,,,,,,,,,,,,,,2018,77
,,,,1.0,,,,,,,,,,,2018,77
1.0,,,,1.0,,1.0,,,,,,,,,2018,81
1.0,,,,1.0,,,,,,,,,,,2018,73
,,,,1.0,,1.0,,,,,,,,,2018,81
,1.0,,,,,,,,,,,,,,2018,80
1.0,,,,1.0,,1.0,,,,,,,,,2018,76
1.0,,,,,,1.0,,,,,,,,,2018,71
1.0,,,,,1.0,,,,,,,,,,2018,69
1.0,,,,,,1.0,,,,,,,,,2018,86
1.0,,,,1.0,,,,,,,,,,,2018,75
1.0,,,,,,1.0,,,,,,,,,2018,71
1.0,,,,1.0,1.0,,,,,,,,,,2018,77
,,,,1.0,,,,,,,,,,,2018,42
1.0,,,,,1.0,,,,,,,,,,2018,80
,,,,,,,,,1.0,,,,,,2018,76
1.0,,,,1.0,,,,,,,,,,,2018,72
,,,,,,,,,1.0,,,,,,2019,74
,,,,1.0,,,,,,,,,,,2018,82
1.0,,,,,,,,,1.0,,,,,,2018,69
1.0,,,,1.0,,,,,,,,,,,2017,71
,,,,1.0,,,,,,,,,,,2018,63
1.0,,,,1.0,,1.0,,,,,,,,,2017,58
1.0,,,,,,1.0,,,,,,,,,2018,69
1.0,,,,1.0,,,,,,,,,,,2018,71
1.0,,,,1.0,,,,,,,,,,,2018,72
,,,,1.0,,,,,,,,,,,2018,80
1.0,,,,1.0,,,,,,,,,,,2018,69
1.0,,,,1.0,,,,,,,,,,,2017,64
1.0,,,,,,,,,,,,,,,2018,78
1.0,,,,1.0,,,,,,,,,,,2018,66
,,,,,,,,,,,1.0,,,,2018,67
1.0,,,,,,,,,,,,,,,2017,74
1.0,1.0,,,,,1.0,,,,,,,,,2018,82
1.0,,,,,,,,,,,,,,,2017,78
1.0,,,,,,1.0,,,,,,,,,2018,72
1.0,1.0,,,,,,,,,,,,,,2017,70
1.0,,,,,,,,,1.0,,,,,,2018,65
1.0,,,,,,1.0,,,,,,,,,2017,80
1.0,,,,,,,,,,,,,,,2018,69
1.0,,,,,,1.0,,,,,,,,,2017,0
1.0,,,,,,,,,,,,,,,2018,62
1.0,,,,1.0,,,,,,,,,,,2017,79
,,,,1.0,,,,,,,,,,,2018,79
,,,,,,,,,1.0,,,,,,2018,69
1.0,,,,1.0,,,,,,,,,,,2018,72
,,,,1.0,,,,,,,,,,,2018,79
1.0,,,,,,1.0,,,,,,,,,2018,70
1.0,,,,1.0,,1.0,,,,,,,,,2018,59
,,,,,,,,,1.0,,,,,,2018,72
1.0,,,,,,,,,,,,,,,2018,72
,,,,1.0,,,,,,,,,,,2018,80
1.0,,,,1.0,,,,,,,,,,,2018,73
,,,,1.0,,,,,,,,,,,2017,72
1.0,,,,,,1.0,,,,,,,,,2018,82
1.0,,,,,,,,,,,,,,,2018,79
1.0,,,,,,,,,,,,,,,2018,67
1.0,,,,1.0,,,,,,,,,,,2018,72
1.0,,,,1.0,,,,,,,,,,,2018,68
1.0,,,,1.0,1.0,,,,,,,,,,2018,75
,,,,1.0,,1.0,,,,,,,,,2018,60
1.0,,,,,,,,,,,,,,,2018,64
1.0,,,,,,,,,1.0,,,,,,2018,1
1.0,,,,1.0,,,,,,,,,,,2018,75
1.0,,,,,,,,,1.0,,,,,,2017,62
1.0,,,,,,1.0,,,,,,,,,2017,65
1.0,,,,1.0,,1.0,,,,,,,,,2017,63
,,,,,,1.0,,,,,,,,,2018,56
1.0,,,,1.0,1.0,,,,,,,,,,2018,72
,,,,,,,,,1.0,,,,,,2018,71
1.0,,,,1.0,,,,,,,,,,,2018,67
1.0,,,,,,1.0,,,,,,,,,2018,80
1.0,,,,,,,,,,,,,,,2017,74
1.0,1.0,,,,,1.0,,,,,,,,,2018,71
,,,,,,,,1.0,,,,,,,2017,72
1.0,,,,,,1.0,,,,,,,,,2017,72
1.0,,,,1.0,1.0,,,,,,,,,,2018,68
1.0,,,,,,,,,,,,,,,2018,74
1.0,,,,,,1.0,,,,,,,,,2018,54
1.0,,,,,,,,,,,,,,,2017,78
1.0,1.0,,,,,,,,,,,,,,2018,56
1.0,,,,,,1.0,,,,,,,,,2018,75
1.0,,,,1.0,,,,,,,,,,,2018,70
1.0,,,,,,1.0,,,,,,,,,2018,81
1.0,,,,,,1.0,,,,,,,,,2018,73
1.0,,,,,,,,,,,,,,,2018,73
1.0,,,,,1.0,,,,,,,,,,2018,73
1.0,,,,1.0,1.0,,,,,,,,,,2018,77
,,,,1.0,,,,,,,,,,,2017,80
,,,,1.0,,,,,,,,,,,2018,77
1.0,,,,1.0,,,,,,,,,,,2019,79
1.0,,,,,,1.0,,,,,,,,,2019,83
1.0,,,,,,,,,,,,,,,2019,78
1.0,,,,,,,,,,,,,,,2019,83
,,,,1.0,,,,,,,,,,,2019,79
,,,,,,1.0,,,,,,,,,2019,84
1.0,,,,,,1.0,,,,,,,,,2018,77
1.0,,,,,,1.0,,,,,,,,,2019,81
1.0,,,,,,,,,,,,,,,2018,82
1.0,,,,,,,,,,,,,,,2018,79
1.0,,,,,,,,,,,,,,,2019,84
1.0,,,,1.0,,1.0,,,,,,,,,2019,60
1.0,,,,1.0,,,,,,,,,,,2019,75
,,,,1.0,,,,,,,,,,,2019,0
,,,,1.0,,,,,,,,,,,2018,77
,,,,,,,,,1.0,,,,,,2019,79
1.0,1.0,,,,,1.0,,,,,,,,,2018,82
1.0,,,,,,,,,,,,,,,2019,1
1.0,,,,1.0,,,,,,,,,,,2019,68
1.0,,,,,,1.0,,,,,,,,,2019,75
1.0,,,,,,,,,,,,,,,2019,63
,,,,1.0,,1.0,,,,,,,,,2018,81
1.0,,,,,,1.0,,,,,,,,,2019,0
1.0,,,,,,,,,,,,,,,2019,80
1.0,,,,1.0,,1.0,,,,,,,,,2019,70
,,,,1.0,,,,,,,,,,,2018,73
1.0,,,,1.0,1.0,,,,,,,,,,2019,71
,,,,1.0,,,,,,,,,,,2019,78
1.0,,,,,,,,,,,,,,,2019,69
1.0,,,,,,1.0,,,,,,,,,2018,86
1.0,,,,,,1.0,,,,,,,,,2019,77
1.0,,,,1.0,,,,,,,,,,,2019,76
1.0,,,,1.0,,,,,,,,,,,2018,78
,,,,1.0,,,,,,,,,,,2019,79
1.0,,,,,,,,,,,,,,,2019,57
,,,,1.0,,,,,,,,,,,2018,75
1.0,,,,1.0,,,,,,,,,,,2019,72
,,,,1.0,,1.0,,,1.0,,,,,,2019,72
1.0,,,,1.0,1.0,,,,,,,,,,2019,76
1.0,,,,1.0,,,,,,,,,,,2019,71
,,,,,,,,,1.0,,,,,,2018,77
,,,,1.0,,,,,,,,,,,2019,78
,,,,1.0,,,,,,,,,,,2019,53
,,,,1.0,,,,,,,,,,,2018,78
1.0,,,,1.0,,,,,,,,,,,2019,69
,,,,,,,,,1.0,,,,,,2019,76
1.0,,,,,,,,,,,,,,,2019,65
1.0,,,,1.0,,,,,,,,,,,2019,69
1.0,,,,1.0,,,,,,,,,,,2018,73
1.0,,,,,,,,,,,,,,,2019,76
,,,,1.0,,,,,,,,,,,2019,78
1.0,,,,,,,,,,,,,,,2018,7
1.0,,,,,,,,,,,,,,,2019,79
,,,,1.0,,,,,,,,,,,2019,61
1.0,,,,1.0,,1.0,,,,,,,,,2019,73
1.0,,,,,,,,,,,,,,,2019,66
1.0,,,,1.0,,,,,,,,,,,2019,73
,,,,1.0,,1.0,,,,,,,,,2019,64
1.0,,,,,,,,,,,,,,,2019,78
1.0,,,,,,,,,,,,,,,2019,77
,,,,,,,,,1.0,,,,,,2019,81
1.0,,,,,,,,,,,,,,,2019,4
1.0,,,,,,,,,1.0,,,,,,2018,74
,,,,1.0,,,,,,,,,,,2019,80
1.0,,,,,,,,,1.0,,,,,,2019,70
1.0,,,,,1.0,,,,,,,,,,2018,70
,,,,1.0,,,,,,,,,,,2018,1
,,,,1.0,,,,,,,,,,,2019,72
,,,,1.0,,1.0,,,,,,,,,2019,69
1.0,,,,,,1.0,,,,,,,,,2019,75
1.0,,,,,,,,,,,,,,,2019,35
,,,,1.0,,1.0,,,,,,,,,2019,64
1.0,,,,,,,,,,,,,,,2019,71
1.0,,,,,,,,,,,,,,,2019,1
1.0,,,,,,1.0,,,,,,,,,2019,71
,,,,1.0,,,,,,,,,,,2019,80
,,,,,,,,,,,1.0,,,,2019,57
1.0,1.0,,,,,,,,,,,,,,2018,78
1.0,,,,,,1.0,,,,,,,,,2019,64
1.0,,,,1.0,1.0,,,,,,,,,,2019,69
,,,,,,,,,1.0,,,,,,2019,75
1.0,,,,,,1.0,,,,,,,,,2019,69
1.0,,,,1.0,1.0,,,,,,,,,,2019,74
,,,,,,,,,1.0,,,,,,2019,71
,,,,1.0,,,,,,,,,,,2018,80
1.0,,,,,,,,,,,,,,,2019,64
1.0,,,,,,1.0,,,,,,,,,2019,2
1.0,,,,1.0,,,,,,,,,,,2019,69
,1.0,,,,,,,,,,,,,,2018,80
1.0,,,,,,1.0,,,,,,,,,2019,73
1.0,,,,,,,,,,,,,,,2019,73
,,,,1.0,,,,,,,,1.0,,,2020,57
1.0,,,,,1.0,,,,,,,,,,2019,71
1.0,,,,,,1.0,,,,,,,,,2019,63
,,,,1.0,,,,,,,,,,,2019,1
1.0,,,,,,,,,,,,,,,2019,79
1.0,,,,,,,,,,,,,,,2019,78
,,1.0,,1.0,,,,,,,,,,,2019,69
1.0,,,,,,,,,,,,,,,2019,75
,,,,1.0,,,,,,,,,,,2019,85
